url,family,locale,source,http_status,final_url,redirect_count,indexable,canonical,title,meta_description,h1,robots_meta,hreflang,structured_data_types,notes
https://vediums.com/,homepage,pt-BR,sitemap.xml,200,https://vediums.com/,0,sim,https://vediums.com/,Vedium - Cursos Online ao Vivo em Cinco Idiomas,"Aprenda inglês (níveis A1 a C1) e iorubá com a Vedium: aulas ao vivo com professores qualificados, certificado de conclusão e suporte ao aluno. Comece hoje a sua jornada de fluência.","1 h1(s): Aulas de idiomas online, ao vivo, com professores nativos e especialistas","index, follow, max-image-preview:large, max-snippet:-1, max-video-preview:-1",6,ContactPoint;EducationalOrganization;PostalAddress,"CONFIRMADO EM PRODUCAO (amostra detalhada, verificado em 2026-08-24)."
https://vediums.com/cursos-de-idiomas-online,course-hub,pt-BR,sitemap.xml,200,https://vediums.com/cursos-de-idiomas-online,0,sim,https://vediums.com/cursos-de-idiomas-online,Cursos de Idiomas Online ao Vivo | Todos os Níveis | Vedium,"Cursos online ao vivo de inglês, espanhol, hebraico, iorubá e português para estrangeiros. Do iniciante ao avançado, com professores qualificados.",1 h1(s): Cursos de idiomas online ao vivo,"index, follow, max-image-preview:large",6,Course;EducationalOrganization;ItemList;ListItem,"CONFIRMADO EM PRODUCAO (amostra detalhada, verificado em 2026-08-24)."
https://vediums.com/sobre,institutional,pt-BR,sitemap.xml,200,https://vediums.com/sobre,0,sim,https://vediums.com/sobre,Sobre a Vedium - Escola de Idiomas Online ao Vivo,"Conheça a Vedium: escola online com aulas ao vivo de inglês, espanhol, hebraico, iorubá e português para estrangeiros, professores e certificado.",0 h1(s),"index, follow, max-image-preview:large",6,AboutPage;EducationalOrganization,"CONFIRMADO EM PRODUCAO (amostra detalhada, verificado em 2026-08-24)."
https://vediums.com/imprensa,institutional,pt-BR,sitemap.xml,200,https://vediums.com/imprensa,0,sim,https://vediums.com/imprensa,Vedium para Imprensa e Parcerias | Informações Institucionais,"Informações institucionais verificáveis sobre a Vedium, seu catálogo de idiomas online ao vivo e contatos para imprensa e parcerias.",1 h1(s): Vedium para imprensa e parcerias,"index, follow, max-image-preview:large",2,AboutPage;EducationalOrganization,"CONFIRMADO EM PRODUCAO (amostra detalhada, verificado em 2026-08-24)."
https://vediums.com/como-funciona,institutional,pt-BR,sitemap.xml,200,https://vediums.com/como-funciona,0,sim,https://vediums.com/como-funciona,Como funciona - Vedium,"Entenda em 3 passos como estudar idiomas online ao vivo na Vedium: teste de nivel, aula diagnostica e plano de estudo.",1 h1(s): Da duvida ao plano de estudo,"index, follow, max-image-preview:large",6,HowTo;HowToStep;Organization,"CONFIRMADO EM PRODUCAO (amostra detalhada, verificado em 2026-08-24)."
https://vediums.com/aula-diagnostica,conversion,pt-BR,sitemap.xml,200,https://vediums.com/aula-diagnostica,0,sim,https://vediums.com/aula-diagnostica,Aula diagnóstica - Vedium,"Agende uma aula diagnóstica para confirmar nível, objetivo, frequência e melhor plano antes da matrícula na Vedium.",1 h1(s): Confirme seu nível com orientação humana,"index, follow, max-image-preview:large",6,BreadcrumbList;ListItem;Organization;Service,"CONFIRMADO EM PRODUCAO (amostra detalhada, verificado em 2026-08-24)."
https://vediums.com/planos,conversion,pt-BR,sitemap.xml,200,https://vediums.com/planos,0,sim,https://vediums.com/planos,Planos - Vedium,"Compare planos de aulas ao vivo da Vedium por frequência, objetivo e ritmo de estudo antes de seguir para a matrícula.",1 h1(s): Escolha a frequência certa para seu objetivo,"index, follow, max-image-preview:large",6,BreadcrumbList;ListItem;WebPage,"CONFIRMADO EM PRODUCAO (amostra detalhada, verificado em 2026-08-24)."
https://vediums.com/quanto-custa-curso-de-idiomas,conversion,pt-BR,sitemap.xml,200,https://vediums.com/quanto-custa-curso-de-idiomas,0,,,,,,,,,"CONFIRMADO EM PRODUCAO: HTTP 200 sem redirect (--max-redirs 0), verificado em lote em 2026-08-24. Demais campos nao amostrados individualmente -- ver seo-snapshot.csv para a amostra detalhada."
https://vediums.com/matricula,conversion,pt-BR,sitemap.xml,200,https://vediums.com/matricula,0,sim,https://vediums.com/matricula,Matrícula - Vedium,"Escolha idioma, nível e plano antes de seguir para a plataforma Vedium, onde login e checkout são concluídos com segurança.",1 h1(s): Escolha a trilha antes de entrar na plataforma,"index, follow, max-image-preview:large",6,BreadcrumbList;ListItem;WebPage,"CONFIRMADO EM PRODUCAO (amostra detalhada, verificado em 2026-08-24)."
https://vediums.com/certificado,institutional,pt-BR,sitemap.xml,200,https://vediums.com/certificado,0,sim,https://vediums.com/certificado,Verificar certificado - Vedium,Verifique a autenticidade de certificados Vedium por código. Cada certificado tem QR code e link de verificação único.,1 h1(s): 🏆 Verificar Certificado,"index, follow",6,,"CONFIRMADO EM PRODUCAO (amostra detalhada, verificado em 2026-08-24)."
https://vediums.com/termos,legal,pt-BR,sitemap.xml,200,https://vediums.com/termos,0,sim,https://vediums.com/termos,Termos de Uso e Contratação - Vedium,"Termos de Uso e Contratação da Vedium: cadastro, planos, pagamento, aulas ao vivo, cancelamento e propriedade intelectual.",1 h1(s): Termos de Uso e Contratação,"index, follow",0,,"CONFIRMADO EM PRODUCAO (amostra detalhada, verificado em 2026-08-24)."
https://vediums.com/privacidade,legal,pt-BR,sitemap.xml,200,https://vediums.com/privacidade,0,sim,https://vediums.com/privacidade,Política de Privacidade - Vedium,"Como a Vedium coleta, usa e protege dados pessoais em conformidade com a LGPD. Direitos dos titulares, DPO e canais de contato.",1 h1(s): Política de Privacidade,"index, follow",0,,"CONFIRMADO EM PRODUCAO (amostra detalhada, verificado em 2026-08-24)."
https://vediums.com/cookies,legal,pt-BR,sitemap.xml,200,https://vediums.com/cookies,0,sim,https://vediums.com/cookies,Política de Cookies - Vedium,"Como a Vedium usa cookies necessários, de analytics e de marketing, e como gerenciar suas preferências a qualquer momento.",1 h1(s): Política de Cookies,"index, follow",0,,"CONFIRMADO EM PRODUCAO (amostra detalhada, verificado em 2026-08-24)."
https://vediums.com/cancelamento-reembolso,legal,pt-BR,sitemap.xml,200,https://vediums.com/cancelamento-reembolso,0,sim,https://vediums.com/cancelamento-reembolso,Cancelamento e Reembolso - Vedium,"Regras de cancelamento de assinatura, direito de arrependimento de 7 dias corridos e reembolso na Vedium. Sem fidelidade, sem multa.",1 h1(s): Política de Cancelamento e Reembolso,"index, follow",0,,"CONFIRMADO EM PRODUCAO (amostra detalhada, verificado em 2026-08-24)."
https://vediums.com/gravacao-imagem-voz,legal,pt-BR,sitemap.xml,200,https://vediums.com/gravacao-imagem-voz,0,,,,,,,,,"CONFIRMADO EM PRODUCAO: HTTP 200 sem redirect (--max-redirs 0), verificado em lote em 2026-08-24. Demais campos nao amostrados individualmente -- ver seo-snapshot.csv para a amostra detalhada."
https://vediums.com/propriedade-intelectual,legal,pt-BR,sitemap.xml,200,https://vediums.com/propriedade-intelectual,0,,,,,,,,,"CONFIRMADO EM PRODUCAO: HTTP 200 sem redirect (--max-redirs 0), verificado em lote em 2026-08-24. Demais campos nao amostrados individualmente -- ver seo-snapshot.csv para a amostra detalhada."
https://vediums.com/comunidade,institutional,pt-BR,sitemap.xml,200,https://vediums.com/comunidade,0,,,,,,,,,"CONFIRMADO EM PRODUCAO: HTTP 200 sem redirect (--max-redirs 0), verificado em lote em 2026-08-24. Demais campos nao amostrados individualmente -- ver seo-snapshot.csv para a amostra detalhada."
https://vediums.com/programa-de-indicacao,conversion,pt-BR,sitemap.xml,200,https://vediums.com/programa-de-indicacao,0,,,,,,,,,"CONFIRMADO EM PRODUCAO: HTTP 200 sem redirect (--max-redirs 0), verificado em lote em 2026-08-24. Demais campos nao amostrados individualmente -- ver seo-snapshot.csv para a amostra detalhada."
https://vediums.com/empresas,b2b,pt-BR,sitemap.xml,200,https://vediums.com/empresas,0,sim,https://vediums.com/empresas,Vedium para Empresas — treinamento de idiomas em equipe,"Aulas ao vivo de inglês, iorubá e português para estrangeiros para equipes: diagnóstico por colaborador, turmas por nível e objetivo, e relatório de progresso para o gestor.","1 h1(s): Sua equipe fluente em idiomas, com aulas 100% ao vivo","index, follow, max-image-preview:large",6,BreadcrumbList;ListItem;Organization;Service,"CONFIRMADO EM PRODUCAO (amostra detalhada, verificado em 2026-08-24)."
https://vediums.com/faq,institutional,pt-BR,sitemap.xml,200,https://vediums.com/faq,0,,,,,,,,,"CONFIRMADO EM PRODUCAO: HTTP 200 sem redirect (--max-redirs 0), verificado em lote em 2026-08-24. Demais campos nao amostrados individualmente -- ver seo-snapshot.csv para a amostra detalhada."
https://vediums.com/diferenciais,institutional,pt-BR,sitemap.xml,200,https://vediums.com/diferenciais,0,sim,https://vediums.com/diferenciais,Diferenciais - Vedium,"Conheça os diferenciais da Vedium: aulas 100% ao vivo, professores qualificados, sem contrato de fidelidade, certificado de conclusão e suporte de verdade.",1 h1(s): O que muda de verdade na hora de aprender um idioma,"index, follow, max-image-preview:large",6,BreadcrumbList;ListItem;WebPage,"CONFIRMADO EM PRODUCAO (amostra detalhada, verificado em 2026-08-24)."
https://vediums.com/metodologia,institutional,pt-BR,sitemap.xml,200,https://vediums.com/metodologia,0,sim,https://vediums.com/metodologia,Metodologia - Vedium,"Conheça a metodologia da Vedium: aulas ao vivo em turma compatível com seu nível, foco em conversação real desde a primeira aula e evolução por níveis, do básico ao avançado.","1 h1(s): Aula ao vivo, conversação real e evolução por nível","index, follow, max-image-preview:large",6,BreadcrumbList;HowTo;HowToStep;ListItem,"CONFIRMADO EM PRODUCAO (amostra detalhada, verificado em 2026-08-24)."
https://vediums.com/aulas-ao-vivo,institutional,pt-BR,sitemap.xml,200,https://vediums.com/aulas-ao-vivo,0,,,,,,,,,"CONFIRMADO EM PRODUCAO: HTTP 200 sem redirect (--max-redirs 0), verificado em lote em 2026-08-24. Demais campos nao amostrados individualmente -- ver seo-snapshot.csv para a amostra detalhada."
https://vediums.com/parcerias,institutional,pt-BR,sitemap.xml,200,https://vediums.com/parcerias,0,,,,,,,,,"CONFIRMADO EM PRODUCAO: HTTP 200 sem redirect (--max-redirs 0), verificado em lote em 2026-08-24. Demais campos nao amostrados individualmente -- ver seo-snapshot.csv para a amostra detalhada."
https://vediums.com/teste-de-nivel,conversion,pt-BR,sitemap.xml,200,https://vediums.com/teste-de-nivel,0,sim,https://vediums.com/teste-de-nivel,Teste de Nível de Português para Estrangeiros - Vedium,"Faça um teste gratuito de português para estrangeiros com gramática, leitura, escuta, escrita e fala para estimar seu nível CEFR A1 a C1.",1 h1(s): Descubra seu nível de português antes de começar as aulas,"index, follow, max-image-preview:large",6,Organization;WebPage,"CONFIRMADO EM PRODUCAO (amostra detalhada, verificado em 2026-08-24)."
https://vediums.com/teste-de-nivel-ingles,conversion,pt-BR,sitemap.xml,200,https://vediums.com/teste-de-nivel-ingles,0,sim,https://vediums.com/teste-de-nivel-ingles,Teste de Nível de Inglês - Vedium,"Faça um teste gratuito de inglês com gramática, leitura, escuta, escrita e fala para estimar seu nível CEFR A1 a C1.",1 h1(s): Descubra seu nível de inglês antes de escolher a trilha,"index, follow, max-image-preview:large",0,Organization;WebPage,"CONFIRMADO EM PRODUCAO (amostra detalhada, verificado em 2026-08-24)."
https://vediums.com/contato,conversion,pt-BR,sitemap.xml,200,https://vediums.com/contato,0,sim,https://vediums.com/contato,Contato - Vedium,"Fale com a Vedium: WhatsApp, e-mail e suporte ao aluno. Atendimento 100% online, em todo o Brasil. Tire suas dúvidas sobre os cursos de Inglês e Iorubá.",0 h1(s),"index, follow, max-image-preview:large",6,,"CONFIRMADO EM PRODUCAO (amostra detalhada, verificado em 2026-08-24)."
https://vediums.com/carreiras,institutional,pt-BR,sitemap.xml,200,https://vediums.com/carreiras,0,sim,https://vediums.com/carreiras,Trabalhe Conosco - Vedium,"Trabalhe na Vedium: vagas para professores de inglês, iorubá, português para estrangeiros, hebraico, espanhol e mais, além de atendimento, marketing e vendas. Envie sua candidatura.",1 h1(s): Faça parte do time Vedium,"index, follow, max-image-preview:large",7,BreadcrumbList;ListItem,"CONFIRMADO EM PRODUCAO (amostra detalhada, verificado em 2026-08-24)."
https://vediums.com/curso-de-ingles-online,language-pillar,pt-BR,sitemap.xml,200,https://vediums.com/curso-de-ingles-online,0,sim,https://vediums.com/curso-de-ingles-online,Curso de Inglês Online ao Vivo do A1 ao C1 | Vedium,"Aulas de inglês online ao vivo, turmas pequenas e progressão do A1 ao C1. Faça o teste de nível grátis.",1 h1(s): Curso de inglês online ao vivo do A1 ao C1,"index, follow, max-image-preview:large",7,Answer;BreadcrumbList;Course;FAQPage;ListItem;Organization;Question,"CONFIRMADO EM PRODUCAO (amostra detalhada, verificado em 2026-08-24)."
https://vediums.com/ingles-para-entrevista,objective,pt-BR,sitemap.xml,200,https://vediums.com/ingles-para-entrevista,0,,,,,,,,,"CONFIRMADO EM PRODUCAO: HTTP 200 sem redirect (--max-redirs 0), verificado em lote em 2026-08-24. Demais campos nao amostrados individualmente -- ver seo-snapshot.csv para a amostra detalhada."
https://vediums.com/ingles-para-programadores,objective,pt-BR,sitemap.xml,200,https://vediums.com/ingles-para-programadores,0,,,,,,,,,"CONFIRMADO EM PRODUCAO: HTTP 200 sem redirect (--max-redirs 0), verificado em lote em 2026-08-24. Demais campos nao amostrados individualmente -- ver seo-snapshot.csv para a amostra detalhada."
https://vediums.com/ingles-executivo,objective,pt-BR,sitemap.xml,200,https://vediums.com/ingles-executivo,0,,,,,,,,,"CONFIRMADO EM PRODUCAO: HTTP 200 sem redirect (--max-redirs 0), verificado em lote em 2026-08-24. Demais campos nao amostrados individualmente -- ver seo-snapshot.csv para a amostra detalhada."
https://vediums.com/ingles-para-viagens,objective,pt-BR,sitemap.xml,200,https://vediums.com/ingles-para-viagens,0,sim,https://vediums.com/ingles-para-viagens,Inglês para Viagens — Vedium,"Inglês para viagens com aulas ao vivo: aeroporto, hotel, restaurante, transporte, emergências e conversação prática.",1 h1(s): Inglês prático para viajar com autonomia,"index, follow, max-image-preview:large",7,Answer;BreadcrumbList;Course;FAQPage;ListItem;Organization;Question,"CONFIRMADO EM PRODUCAO (amostra detalhada, verificado em 2026-08-24)."
https://vediums.com/ingles-para-atendimento-ao-cliente,objective,pt-BR,sitemap.xml,200,https://vediums.com/ingles-para-atendimento-ao-cliente,0,,,,,,,,,"CONFIRMADO EM PRODUCAO: HTTP 200 sem redirect (--max-redirs 0), verificado em lote em 2026-08-24. Demais campos nao amostrados individualmente -- ver seo-snapshot.csv para a amostra detalhada."
https://vediums.com/curso-de-ioruba-online,language-pillar,pt-BR,sitemap.xml,200,https://vediums.com/curso-de-ioruba-online,0,sim,https://vediums.com/curso-de-ioruba-online,Curso de Iorubá Online | Vedium,"Curso de iorubá online com aulas ao vivo, pronúncia, vocabulário, cultura e trilha estruturada para iniciantes.","1 h1(s): Aprenda iorubá online com estrutura, pronúncia e contexto cultural","index, follow, max-image-preview:large",5,Answer;BreadcrumbList;Course;FAQPage;ListItem;Organization;Question,"CONFIRMADO EM PRODUCAO (amostra detalhada, verificado em 2026-08-24)."
https://vediums.com/ioruba-para-iniciantes,objective,pt-BR,sitemap.xml,200,https://vediums.com/ioruba-para-iniciantes,0,,,,,,,,,"CONFIRMADO EM PRODUCAO: HTTP 200 sem redirect (--max-redirs 0), verificado em lote em 2026-08-24. Demais campos nao amostrados individualmente -- ver seo-snapshot.csv para a amostra detalhada."
https://vediums.com/ioruba-cultura-e-ancestralidade,objective,pt-BR,sitemap.xml,200,https://vediums.com/ioruba-cultura-e-ancestralidade,0,sim,https://vediums.com/ioruba-cultura-e-ancestralidade,"Iorubá, Cultura e Ancestralidade — Vedium","Aprenda iorubá online com contexto cultural, ancestralidade, saudações, pronúncia e prática guiada ao vivo.","1 h1(s): Iorubá para aprender língua, memória e cultura","index, follow, max-image-preview:large",5,Answer;BreadcrumbList;Course;FAQPage;ListItem;Organization;Question,"CONFIRMADO EM PRODUCAO (amostra detalhada, verificado em 2026-08-24)."
https://vediums.com/portugues-para-estrangeiros,language-pillar,pt-BR,sitemap.xml,200,https://vediums.com/portugues-para-estrangeiros,0,sim,https://vediums.com/portugues-para-estrangeiros,Português para Estrangeiros | Vedium,"Português para estrangeiros com aulas ao vivo para morar, trabalhar, estudar e se comunicar melhor no Brasil.",1 h1(s): Português para estrangeiros com foco em vida real no Brasil,"index, follow, max-image-preview:large",7,Answer;BreadcrumbList;Course;FAQPage;ListItem;Organization;Question,"CONFIRMADO EM PRODUCAO (amostra detalhada, verificado em 2026-08-24)."
https://vediums.com/portugues-para-executivos,objective,pt-BR,sitemap.xml,200,https://vediums.com/portugues-para-executivos,0,sim,https://vediums.com/portugues-para-executivos,Português para Executivos — Vedium,"Português para executivos estrangeiros com aulas ao vivo para reuniões, negócios, apresentações e adaptação cultural no Brasil.",1 h1(s): Português para executivos que trabalham com o Brasil,"index, follow, max-image-preview:large",7,Answer;BreadcrumbList;Course;FAQPage;ListItem;Organization;Question,"CONFIRMADO EM PRODUCAO (amostra detalhada, verificado em 2026-08-24)."
https://vediums.com/preparatorio-celpe-bras,objective,pt-BR,sitemap.xml,200,https://vediums.com/preparatorio-celpe-bras,0,sim,https://vediums.com/preparatorio-celpe-bras,Preparatório Celpe-Bras — Vedium,"Preparação para Celpe-Bras com português para estrangeiros, escrita, fala, compreensão e simulados orientados.",1 h1(s): Preparação orientada para o Celpe-Bras,"index, follow, max-image-preview:large",7,Answer;BreadcrumbList;Course;FAQPage;ListItem;Organization;Question,"CONFIRMADO EM PRODUCAO (amostra detalhada, verificado em 2026-08-24)."
https://vediums.com/curso-de-espanhol-online,language-pillar,pt-BR,sitemap.xml,200,https://vediums.com/curso-de-espanhol-online,0,sim,https://vediums.com/curso-de-espanhol-online,Curso de Espanhol Online ao Vivo (Básico ao Avançado) | Vedium,"Curso de espanhol online ao vivo da Vedium: aulas com professor em tempo real, do Básico ao Avançado, foco em conversação e correção de portunhol. A partir de R$ 297/mês.","1 h1(s): Curso de espanhol online ao vivo, com professor de verdade","index, follow, max-image-preview:large",2,Answer;BreadcrumbList;Course;FAQPage;ListItem;Organization;Question,"CONFIRMADO EM PRODUCAO (amostra detalhada, verificado em 2026-08-24)."
https://vediums.com/curso-de-hebraico-online,language-pillar,pt-BR,sitemap.xml,200,https://vediums.com/curso-de-hebraico-online,0,sim,https://vediums.com/curso-de-hebraico-online,Curso de Hebraico Online ao Vivo (com Alfabetização) | Vedium,"Curso de hebraico moderno online ao vivo da Vedium: alfabetização incluída, turma pequena, professor especialista. A partir de R$ 397/mês.","1 h1(s): Aprenda hebraico moderno online, com alfabetização e professor ao vivo","index, follow, max-image-preview:large",2,Answer;BreadcrumbList;Course;FAQPage;ListItem;Organization;Question,"CONFIRMADO EM PRODUCAO (amostra detalhada, verificado em 2026-08-24)."
https://vediums.com/blog,blog-hub,pt-BR,sitemap.xml,200,https://vediums.com/blog,0,sim,https://vediums.com/blog,"Dicas de idiomas, cultura e aprendizado | Blog Vedium","Conteúdos sobre inglês, espanhol, hebraico, iorubá e português para estrangeiros, com dicas práticas, cultura, aprendizagem online e orientação para quem estuda idiomas com aulas ao vivo.","1 h1(s): Blog da Vedium: idiomas, cultura e aprendizado","index, follow, max-image-preview:large",0,Blog;BreadcrumbList;ListItem;Organization,"CONFIRMADO EM PRODUCAO (amostra detalhada, verificado em 2026-08-24)."
https://vediums.com/blog/ingles,blog-category,pt-BR,sitemap.xml,200,https://vediums.com/blog/ingles,0,sim,https://vediums.com/blog/ingles,"Inglês para carreira, viagens e conversas reais | Vedium","Conteúdos para quem deseja aprender inglês com clareza, entender como o idioma funciona e evoluir nível a nível.","1 h1(s): Inglês para carreira, viagens e conversas reais","index, follow, max-image-preview:large",0,Answer;Blog;BreadcrumbList;CollectionPage;FAQPage;ListItem;Organization;Question,"CONFIRMADO EM PRODUCAO (amostra detalhada, verificado em 2026-08-24)."
https://vediums.com/blog/ioruba,blog-category,pt-BR,sitemap.xml,200,https://vediums.com/blog/ioruba,0,sim,https://vediums.com/blog/ioruba,"Iorubá: idioma, cultura e ancestralidade com respeito | Vedium","Guias sobre o idioma iorubá (alfabeto, tons, saudações, números e cultura) pensados para quem está começando do zero.","1 h1(s): Iorubá: idioma, cultura e ancestralidade com respeito","index, follow, max-image-preview:large",0,Answer;Blog;BreadcrumbList;CollectionPage;FAQPage;ListItem;Organization;Question,"CONFIRMADO EM PRODUCAO (amostra detalhada, verificado em 2026-08-24)."
https://vediums.com/blog/hebraico,blog-category,pt-BR,sitemap.xml,200,https://vediums.com/blog/hebraico,0,,,,,,,,,"CONFIRMADO EM PRODUCAO: HTTP 200 sem redirect (--max-redirs 0), verificado em lote em 2026-08-24. Demais campos nao amostrados individualmente -- ver seo-snapshot.csv para a amostra detalhada."
https://vediums.com/blog/espanhol,blog-category,pt-BR,sitemap.xml,200,https://vediums.com/blog/espanhol,0,,,,,,,,,"CONFIRMADO EM PRODUCAO: HTTP 200 sem redirect (--max-redirs 0), verificado em lote em 2026-08-24. Demais campos nao amostrados individualmente -- ver seo-snapshot.csv para a amostra detalhada."
https://vediums.com/en,homepage,en,sitemap.xml,200,https://vediums.com/en,0,sim,https://vediums.com/en,Vedium - Live Online Courses in Five Languages,"Learn English (levels A1 to C1) and Yoruba with Vedium: live classes with qualified teachers, a completion certificate, and real student support. Start your fluency journey today.",0 h1(s),"index, follow, max-image-preview:large, max-snippet:-1, max-video-preview:-1",6,ContactPoint;EducationalOrganization;PostalAddress,"CONFIRMADO EM PRODUCAO (amostra detalhada, verificado em 2026-08-24)."
https://vediums.com/en/catalogo,course-hub,en,sitemap.xml,200,https://vediums.com/en/catalogo,0,sim,https://vediums.com/en/catalogo,Course Catalog — Live Online Language Courses | Vedium,Vedium,0 h1(s),"index, follow, max-image-preview:large",6,ItemList;ListItem,"CONFIRMADO EM PRODUCAO (amostra detalhada, verificado em 2026-08-24)."
https://vediums.com/en/sobre,institutional,en,sitemap.xml,200,https://vediums.com/en/sobre,0,sim,https://vediums.com/en/sobre,About Vedium — Live Online Language School,"Get to know Vedium: an online language school with live classes, qualified teachers and a certificate. English (A1 to C1) and Yoruba, from beginner to advanced.",0 h1(s),"index, follow, max-image-preview:large",6,,"CONFIRMADO EM PRODUCAO (amostra detalhada, verificado em 2026-08-24)."
https://vediums.com/en/como-funciona,institutional,en,sitemap.xml,200,https://vediums.com/en/como-funciona,0,,,,,,,,,"CONFIRMADO EM PRODUCAO: HTTP 200 sem redirect (--max-redirs 0), verificado em lote em 2026-08-24. Demais campos nao amostrados individualmente -- ver seo-snapshot.csv para a amostra detalhada."
https://vediums.com/en/faq,institutional,en,sitemap.xml,200,https://vediums.com/en/faq,0,,,,,,,,,"CONFIRMADO EM PRODUCAO: HTTP 200 sem redirect (--max-redirs 0), verificado em lote em 2026-08-24. Demais campos nao amostrados individualmente -- ver seo-snapshot.csv para a amostra detalhada."
https://vediums.com/en/contato,conversion,en,sitemap.xml,200,https://vediums.com/en/contato,0,,,,,,,,,"CONFIRMADO EM PRODUCAO: HTTP 200 sem redirect (--max-redirs 0), verificado em lote em 2026-08-24. Demais campos nao amostrados individualmente -- ver seo-snapshot.csv para a amostra detalhada."
https://vediums.com/en/planos,conversion,en,sitemap.xml,200,https://vediums.com/en/planos,0,,,,,,,,,"CONFIRMADO EM PRODUCAO: HTTP 200 sem redirect (--max-redirs 0), verificado em lote em 2026-08-24. Demais campos nao amostrados individualmente -- ver seo-snapshot.csv para a amostra detalhada."
https://vediums.com/en/matricula,conversion,en,sitemap.xml,200,https://vediums.com/en/matricula,0,,,,,,,,,"CONFIRMADO EM PRODUCAO: HTTP 200 sem redirect (--max-redirs 0), verificado em lote em 2026-08-24. Demais campos nao amostrados individualmente -- ver seo-snapshot.csv para a amostra detalhada."
https://vediums.com/en/aula-diagnostica,conversion,en,sitemap.xml,200,https://vediums.com/en/aula-diagnostica,0,,,,,,,,,"CONFIRMADO EM PRODUCAO: HTTP 200 sem redirect (--max-redirs 0), verificado em lote em 2026-08-24. Demais campos nao amostrados individualmente -- ver seo-snapshot.csv para a amostra detalhada."
https://vediums.com/en/learn-yoruba-online,language-pillar,en,sitemap.xml,200,https://vediums.com/en/learn-yoruba-online,0,sim,https://vediums.com/en/learn-yoruba-online,Learn Yoruba Online — Live Classes with Real Teachers | Vedium,"Learn Yoruba online with live classes: pronunciation, tones, greetings, vocabulary and cultural context. A structured path for beginners and heritage learners.","1 h1(s): Learn Yoruba online with structure, pronunciation and real cultural context","index, follow, max-image-preview:large",4,Answer;BreadcrumbList;Course;FAQPage;ListItem;Organization;Question,"CONFIRMADO EM PRODUCAO (amostra detalhada, verificado em 2026-08-24)."
https://vediums.com/en/learn-portuguese-brazil,language-pillar,en,sitemap.xml,200,https://vediums.com/en/learn-portuguese-brazil,0,sim,https://vediums.com/en/learn-portuguese-brazil,Learn Brazilian Portuguese Online — Classes for Foreigners | Vedium,"Learn Brazilian Portuguese online with live classes for foreigners: real conversation, pronunciation, everyday vocabulary and culture to live, work and study in Brazil.","1 h1(s): Brazilian Portuguese for foreigners, focused on real life in Brazil","index, follow, max-image-preview:large",7,Answer;BreadcrumbList;Course;FAQPage;ListItem;Organization;Question,"CONFIRMADO EM PRODUCAO (amostra detalhada, verificado em 2026-08-24)."
https://vediums.com/en/blog,blog-hub,en,sitemap.xml,200,https://vediums.com/en/blog,0,sim,https://vediums.com/en/blog,Brazilian Portuguese guides for expats | Vedium Blog,"Free guides on Brazilian Portuguese for expats, relocation and everyday life in Brazil, written by Vedium",1 h1(s): Vedium Blog: Brazilian Portuguese for expats and relocation,"index, follow, max-image-preview:large",0,Blog;BreadcrumbList;ListItem;Organization,"CONFIRMADO EM PRODUCAO (amostra detalhada, verificado em 2026-08-24)."
https://vediums.com/en/blog/brazilian-portuguese,blog-category,en,sitemap.xml,200,https://vediums.com/en/blog/brazilian-portuguese,0,,,,,,,,,"CONFIRMADO EM PRODUCAO: HTTP 200 sem redirect (--max-redirs 0), verificado em lote em 2026-08-24. Demais campos nao amostrados individualmente -- ver seo-snapshot.csv para a amostra detalhada."
https://vediums.com/en/portuguese-placement-test,conversion,en,sitemap.xml,200,https://vediums.com/en/portuguese-placement-test,0,sim,https://vediums.com/en/portuguese-placement-test,Brazilian Portuguese Placement Test — Vedium,"Take a free Brazilian Portuguese placement test with grammar, reading, listening, writing and speaking to estimate your CEFR level from A1 to C1.",1 h1(s): Find out your Brazilian Portuguese level before you start classes,"index, follow, max-image-preview:large",6,Organization;WebPage,"CONFIRMADO EM PRODUCAO (amostra detalhada, verificado em 2026-08-24)."
https://vediums.com/en/yoruba-for-beginners,objective,en,sitemap.xml,200,https://vediums.com/en/yoruba-for-beginners,0,,,,,,,,,"CONFIRMADO EM PRODUCAO: HTTP 200 sem redirect (--max-redirs 0), verificado em lote em 2026-08-24. Demais campos nao amostrados individualmente -- ver seo-snapshot.csv para a amostra detalhada."
https://vediums.com/en/yoruba-culture-and-heritage,objective,en,sitemap.xml,200,https://vediums.com/en/yoruba-culture-and-heritage,0,,,,,,,,,"CONFIRMADO EM PRODUCAO: HTTP 200 sem redirect (--max-redirs 0), verificado em lote em 2026-08-24. Demais campos nao amostrados individualmente -- ver seo-snapshot.csv para a amostra detalhada."
https://vediums.com/en/portuguese-for-executives,objective,en,sitemap.xml,200,https://vediums.com/en/portuguese-for-executives,0,,,,,,,,,"CONFIRMADO EM PRODUCAO: HTTP 200 sem redirect (--max-redirs 0), verificado em lote em 2026-08-24. Demais campos nao amostrados individualmente -- ver seo-snapshot.csv para a amostra detalhada."
https://vediums.com/en/celpe-bras-exam-prep,objective,en,sitemap.xml,200,https://vediums.com/en/celpe-bras-exam-prep,0,,,,,,,,,"CONFIRMADO EM PRODUCAO: HTTP 200 sem redirect (--max-redirs 0), verificado em lote em 2026-08-24. Demais campos nao amostrados individualmente -- ver seo-snapshot.csv para a amostra detalhada."
https://vediums.com/en/learn-english-online,language-pillar,en,sitemap.xml,200,https://vediums.com/en/learn-english-online,0,sim,https://vediums.com/en/learn-english-online,Learn English Online — Live Classes (A1 to C1) | Vedium,Vedium,1 h1(s): Learn English online in live classes with a real teacher,"index, follow, max-image-preview:large",7,Answer;BreadcrumbList;Course;FAQPage;ListItem;Organization;Question,"CONFIRMADO EM PRODUCAO (amostra detalhada, verificado em 2026-08-24)."
https://vediums.com/en/english-for-job-interviews,objective,en,sitemap.xml,200,https://vediums.com/en/english-for-job-interviews,0,,,,,,,,,"CONFIRMADO EM PRODUCAO: HTTP 200 sem redirect (--max-redirs 0), verificado em lote em 2026-08-24. Demais campos nao amostrados individualmente -- ver seo-snapshot.csv para a amostra detalhada."
https://vediums.com/en/english-for-developers,objective,en,sitemap.xml,200,https://vediums.com/en/english-for-developers,0,,,,,,,,,"CONFIRMADO EM PRODUCAO: HTTP 200 sem redirect (--max-redirs 0), verificado em lote em 2026-08-24. Demais campos nao amostrados individualmente -- ver seo-snapshot.csv para a amostra detalhada."
https://vediums.com/en/business-english-online,objective,en,sitemap.xml,200,https://vediums.com/en/business-english-online,0,,,,,,,,,"CONFIRMADO EM PRODUCAO: HTTP 200 sem redirect (--max-redirs 0), verificado em lote em 2026-08-24. Demais campos nao amostrados individualmente -- ver seo-snapshot.csv para a amostra detalhada."
https://vediums.com/en/english-for-travel,objective,en,sitemap.xml,200,https://vediums.com/en/english-for-travel,0,sim,https://vediums.com/en/english-for-travel,English for Travel — Vedium,"English for travel with live classes: airport, hotel, restaurant, transportation, emergencies and practical conversation.",1 h1(s): Practical English to travel with real independence,"index, follow, max-image-preview:large",7,Answer;BreadcrumbList;Course;FAQPage;ListItem;Organization;Question,"CONFIRMADO EM PRODUCAO (amostra detalhada, verificado em 2026-08-24)."
https://vediums.com/en/english-for-customer-service,objective,en,sitemap.xml,200,https://vediums.com/en/english-for-customer-service,0,,,,,,,,,"CONFIRMADO EM PRODUCAO: HTTP 200 sem redirect (--max-redirs 0), verificado em lote em 2026-08-24. Demais campos nao amostrados individualmente -- ver seo-snapshot.csv para a amostra detalhada."
https://vediums.com/en/certificado,institutional,en,sitemap.xml,200,https://vediums.com/en/certificado,0,,,,,,,,,"CONFIRMADO EM PRODUCAO: HTTP 200 sem redirect (--max-redirs 0), verificado em lote em 2026-08-24. Demais campos nao amostrados individualmente -- ver seo-snapshot.csv para a amostra detalhada."
https://vediums.com/en/comunidade,institutional,en,sitemap.xml,200,https://vediums.com/en/comunidade,0,,,,,,,,,"CONFIRMADO EM PRODUCAO: HTTP 200 sem redirect (--max-redirs 0), verificado em lote em 2026-08-24. Demais campos nao amostrados individualmente -- ver seo-snapshot.csv para a amostra detalhada."
https://vediums.com/en/programa-de-indicacao,conversion,en,sitemap.xml,200,https://vediums.com/en/programa-de-indicacao,0,,,,,,,,,"CONFIRMADO EM PRODUCAO: HTTP 200 sem redirect (--max-redirs 0), verificado em lote em 2026-08-24. Demais campos nao amostrados individualmente -- ver seo-snapshot.csv para a amostra detalhada."
https://vediums.com/en/empresas,b2b,en,sitemap.xml,200,https://vediums.com/en/empresas,0,sim,https://vediums.com/en/empresas,Vedium for Companies — team language training,"Live English, Yoruba and Portuguese-for-foreigners classes for teams: per-employee diagnostics, classes grouped by level and goal, and progress reports for managers.","1 h1(s): Your team fluent in languages, with 100% live classes","index, follow, max-image-preview:large",6,Organization;Service,"CONFIRMADO EM PRODUCAO (amostra detalhada, verificado em 2026-08-24)."
https://vediums.com/en/carreiras,institutional,en,sitemap.xml,200,https://vediums.com/en/carreiras,0,,,,,,,,,"CONFIRMADO EM PRODUCAO: HTTP 200 sem redirect (--max-redirs 0), verificado em lote em 2026-08-24. Demais campos nao amostrados individualmente -- ver seo-snapshot.csv para a amostra detalhada."
https://vediums.com/en/diferenciais,institutional,en,sitemap.xml,200,https://vediums.com/en/diferenciais,0,,,,,,,,,"CONFIRMADO EM PRODUCAO: HTTP 200 sem redirect (--max-redirs 0), verificado em lote em 2026-08-24. Demais campos nao amostrados individualmente -- ver seo-snapshot.csv para a amostra detalhada."
https://vediums.com/en/metodologia,institutional,en,sitemap.xml,200,https://vediums.com/en/metodologia,0,,,,,,,,,"CONFIRMADO EM PRODUCAO: HTTP 200 sem redirect (--max-redirs 0), verificado em lote em 2026-08-24. Demais campos nao amostrados individualmente -- ver seo-snapshot.csv para a amostra detalhada."
https://vediums.com/es,homepage,es,sitemap.xml,200,https://vediums.com/es,0,sim,https://vediums.com/es,Vedium - Cursos Online en Vivo en Cinco Idiomas,"Aprende inglés (niveles A1 a C1) y yoruba con Vedium: clases en vivo con profesores calificados, certificado de finalización y acompañamiento real. Empieza tu camino hacia la fluidez hoy mismo.",0 h1(s),"index, follow, max-image-preview:large, max-snippet:-1, max-video-preview:-1",6,ContactPoint;EducationalOrganization;PostalAddress,"CONFIRMADO EM PRODUCAO (amostra detalhada, verificado em 2026-08-24)."
https://vediums.com/es/catalogo,course-hub,es,sitemap.xml,200,https://vediums.com/es/catalogo,0,sim,https://vediums.com/es/catalogo,Catálogo de Cursos — Cursos de Idiomas Online en Vivo | Vedium,"Catálogo de cursos en vivo de Vedium: inglés (A1 a C1), yoruba y portugués para extranjeros (PLE). Profesores calificados y certificado.",0 h1(s),"index, follow, max-image-preview:large",6,ItemList;ListItem,"CONFIRMADO EM PRODUCAO (amostra detalhada, verificado em 2026-08-24)."
https://vediums.com/es/sobre,institutional,es,sitemap.xml,200,https://vediums.com/es/sobre,0,,,,,,,,,"CONFIRMADO EM PRODUCAO: HTTP 200 sem redirect (--max-redirs 0), verificado em lote em 2026-08-24. Demais campos nao amostrados individualmente -- ver seo-snapshot.csv para a amostra detalhada."
https://vediums.com/es/como-funciona,institutional,es,sitemap.xml,200,https://vediums.com/es/como-funciona,0,,,,,,,,,"CONFIRMADO EM PRODUCAO: HTTP 200 sem redirect (--max-redirs 0), verificado em lote em 2026-08-24. Demais campos nao amostrados individualmente -- ver seo-snapshot.csv para a amostra detalhada."
https://vediums.com/es/faq,institutional,es,sitemap.xml,200,https://vediums.com/es/faq,0,,,,,,,,,"CONFIRMADO EM PRODUCAO: HTTP 200 sem redirect (--max-redirs 0), verificado em lote em 2026-08-24. Demais campos nao amostrados individualmente -- ver seo-snapshot.csv para a amostra detalhada."
https://vediums.com/es/contato,conversion,es,sitemap.xml,200,https://vediums.com/es/contato,0,,,,,,,,,"CONFIRMADO EM PRODUCAO: HTTP 200 sem redirect (--max-redirs 0), verificado em lote em 2026-08-24. Demais campos nao amostrados individualmente -- ver seo-snapshot.csv para a amostra detalhada."
https://vediums.com/es/planos,conversion,es,sitemap.xml,200,https://vediums.com/es/planos,0,,,,,,,,,"CONFIRMADO EM PRODUCAO: HTTP 200 sem redirect (--max-redirs 0), verificado em lote em 2026-08-24. Demais campos nao amostrados individualmente -- ver seo-snapshot.csv para a amostra detalhada."
https://vediums.com/es/matricula,conversion,es,sitemap.xml,200,https://vediums.com/es/matricula,0,,,,,,,,,"CONFIRMADO EM PRODUCAO: HTTP 200 sem redirect (--max-redirs 0), verificado em lote em 2026-08-24. Demais campos nao amostrados individualmente -- ver seo-snapshot.csv para a amostra detalhada."
https://vediums.com/es/aula-diagnostica,conversion,es,sitemap.xml,200,https://vediums.com/es/aula-diagnostica,0,,,,,,,,,"CONFIRMADO EM PRODUCAO: HTTP 200 sem redirect (--max-redirs 0), verificado em lote em 2026-08-24. Demais campos nao amostrados individualmente -- ver seo-snapshot.csv para a amostra detalhada."
https://vediums.com/es/prueba-de-nivel-de-portugues,conversion,es,sitemap.xml,200,https://vediums.com/es/prueba-de-nivel-de-portugues,0,,,,,,,,,"CONFIRMADO EM PRODUCAO: HTTP 200 sem redirect (--max-redirs 0), verificado em lote em 2026-08-24. Demais campos nao amostrados individualmente -- ver seo-snapshot.csv para a amostra detalhada."
https://vediums.com/es/blog,blog-hub,es,sitemap.xml,200,https://vediums.com/es/blog,0,sim,https://vediums.com/es/blog,Guías de portugués brasileño para expatriados | Vedium,"Guías gratuitas de portugués brasileño para expatriados y vida diaria en Brasil, escritas por el equipo de profesores de Vedium.",1 h1(s): Blog de Vedium: Portugués brasileño para expatriados,"index, follow, max-image-preview:large",0,Blog;BreadcrumbList;ListItem;Organization,"CONFIRMADO EM PRODUCAO (amostra detalhada, verificado em 2026-08-24)."
https://vediums.com/es/blog/portugues-brasileno,blog-category,es,sitemap.xml,200,https://vediums.com/es/blog/portugues-brasileno,0,,,,,,,,,"CONFIRMADO EM PRODUCAO: HTTP 200 sem redirect (--max-redirs 0), verificado em lote em 2026-08-24. Demais campos nao amostrados individualmente -- ver seo-snapshot.csv para a amostra detalhada."
https://vediums.com/es/curso-de-ingles-online-en-vivo,language-pillar,es,sitemap.xml,200,https://vediums.com/es/curso-de-ingles-online-en-vivo,0,sim,https://vediums.com/es/curso-de-ingles-online-en-vivo,Curso de Inglés Online en Vivo (A1 a C1) — Vedium,"Curso de inglés online en vivo de Vedium: clases en tiempo real con profesor, de A1 a C1, enfocado en conversación, con certificado y un plan según tu objetivo. Desde US$ 120/mes.",1 h1(s): Aprende inglés online en clases en vivo con un profesor real,"index, follow, max-image-preview:large",7,Answer;BreadcrumbList;Course;FAQPage;ListItem;Organization;Question,"CONFIRMADO EM PRODUCAO (amostra detalhada, verificado em 2026-08-24)."
https://vediums.com/es/ingles-para-entrevistas-de-trabajo,objective,es,sitemap.xml,200,https://vediums.com/es/ingles-para-entrevistas-de-trabajo,0,,,,,,,,,"CONFIRMADO EM PRODUCAO: HTTP 200 sem redirect (--max-redirs 0), verificado em lote em 2026-08-24. Demais campos nao amostrados individualmente -- ver seo-snapshot.csv para a amostra detalhada."
https://vediums.com/es/ingles-para-desarrolladores,objective,es,sitemap.xml,200,https://vediums.com/es/ingles-para-desarrolladores,0,,,,,,,,,"CONFIRMADO EM PRODUCAO: HTTP 200 sem redirect (--max-redirs 0), verificado em lote em 2026-08-24. Demais campos nao amostrados individualmente -- ver seo-snapshot.csv para a amostra detalhada."
https://vediums.com/es/ingles-de-negocios,objective,es,sitemap.xml,200,https://vediums.com/es/ingles-de-negocios,0,,,,,,,,,"CONFIRMADO EM PRODUCAO: HTTP 200 sem redirect (--max-redirs 0), verificado em lote em 2026-08-24. Demais campos nao amostrados individualmente -- ver seo-snapshot.csv para a amostra detalhada."
https://vediums.com/es/ingles-para-viajar,objective,es,sitemap.xml,200,https://vediums.com/es/ingles-para-viajar,0,,,,,,,,,"CONFIRMADO EM PRODUCAO: HTTP 200 sem redirect (--max-redirs 0), verificado em lote em 2026-08-24. Demais campos nao amostrados individualmente -- ver seo-snapshot.csv para a amostra detalhada."
https://vediums.com/es/ingles-para-atencion-al-cliente,objective,es,sitemap.xml,200,https://vediums.com/es/ingles-para-atencion-al-cliente,0,,,,,,,,,"CONFIRMADO EM PRODUCAO: HTTP 200 sem redirect (--max-redirs 0), verificado em lote em 2026-08-24. Demais campos nao amostrados individualmente -- ver seo-snapshot.csv para a amostra detalhada."
https://vediums.com/es/curso-de-yoruba-online,language-pillar,es,sitemap.xml,200,https://vediums.com/es/curso-de-yoruba-online,0,sim,https://vediums.com/es/curso-de-yoruba-online,Curso de Yoruba Online — Clases en Vivo con Profesores Reales | Vedium,"Aprende yoruba online con clases en vivo: pronunciación, tonos, saludos, vocabulario y contexto cultural. Un camino estructurado para principiantes y para quienes buscan reconectar con sus raíces.","1 h1(s): Aprende yoruba online con estructura, pronunciación y contexto cultural real","index, follow, max-image-preview:large",5,Answer;BreadcrumbList;Course;FAQPage;ListItem;Organization;Question,"CONFIRMADO EM PRODUCAO (amostra detalhada, verificado em 2026-08-24)."
https://vediums.com/es/yoruba-para-principiantes,objective,es,sitemap.xml,200,https://vediums.com/es/yoruba-para-principiantes,0,,,,,,,,,"CONFIRMADO EM PRODUCAO: HTTP 200 sem redirect (--max-redirs 0), verificado em lote em 2026-08-24. Demais campos nao amostrados individualmente -- ver seo-snapshot.csv para a amostra detalhada."
https://vediums.com/es/yoruba-cultura-y-ancestralidad,objective,es,sitemap.xml,200,https://vediums.com/es/yoruba-cultura-y-ancestralidad,0,,,,,,,,,"CONFIRMADO EM PRODUCAO: HTTP 200 sem redirect (--max-redirs 0), verificado em lote em 2026-08-24. Demais campos nao amostrados individualmente -- ver seo-snapshot.csv para a amostra detalhada."
https://vediums.com/es/portugues-para-extranjeros,language-pillar,es,sitemap.xml,200,https://vediums.com/es/portugues-para-extranjeros,0,sim,https://vediums.com/es/portugues-para-extranjeros,Portugués para Extranjeros Online — Clases en Vivo | Vedium,"Aprende portugués de Brasil online con clases en vivo para extranjeros: conversación real, pronunciación, vocabulario cotidiano y cultura para vivir, trabajar y estudiar en Brasil.","1 h1(s): Portugués de Brasil para extranjeros, enfocado en la vida real en Brasil","index, follow, max-image-preview:large",7,Answer;BreadcrumbList;Course;FAQPage;ListItem;Organization;Question,"CONFIRMADO EM PRODUCAO (amostra detalhada, verificado em 2026-08-24)."
https://vediums.com/es/portugues-para-ejecutivos,objective,es,sitemap.xml,200,https://vediums.com/es/portugues-para-ejecutivos,0,,,,,,,,,"CONFIRMADO EM PRODUCAO: HTTP 200 sem redirect (--max-redirs 0), verificado em lote em 2026-08-24. Demais campos nao amostrados individualmente -- ver seo-snapshot.csv para a amostra detalhada."
https://vediums.com/es/preparacion-examen-celpe-bras,objective,es,sitemap.xml,200,https://vediums.com/es/preparacion-examen-celpe-bras,0,sim,https://vediums.com/es/preparacion-examen-celpe-bras,Preparación para el Examen Celpe-Bras — Vedium,"Preparación para el examen Celpe-Bras con portugués para extranjeros: escritura, expresión oral, comprensión auditiva y simulacros guiados.",1 h1(s): Preparación guiada para el examen Celpe-Bras,"index, follow, max-image-preview:large",7,Answer;BreadcrumbList;Course;FAQPage;ListItem;Organization;Question,"CONFIRMADO EM PRODUCAO (amostra detalhada, verificado em 2026-08-24)."
https://vediums.com/es/certificado,institutional,es,sitemap.xml,200,https://vediums.com/es/certificado,0,,,,,,,,,"CONFIRMADO EM PRODUCAO: HTTP 200 sem redirect (--max-redirs 0), verificado em lote em 2026-08-24. Demais campos nao amostrados individualmente -- ver seo-snapshot.csv para a amostra detalhada."
https://vediums.com/es/comunidade,institutional,es,sitemap.xml,200,https://vediums.com/es/comunidade,0,,,,,,,,,"CONFIRMADO EM PRODUCAO: HTTP 200 sem redirect (--max-redirs 0), verificado em lote em 2026-08-24. Demais campos nao amostrados individualmente -- ver seo-snapshot.csv para a amostra detalhada."
https://vediums.com/es/programa-de-indicacao,conversion,es,sitemap.xml,200,https://vediums.com/es/programa-de-indicacao,0,,,,,,,,,"CONFIRMADO EM PRODUCAO: HTTP 200 sem redirect (--max-redirs 0), verificado em lote em 2026-08-24. Demais campos nao amostrados individualmente -- ver seo-snapshot.csv para a amostra detalhada."
https://vediums.com/es/empresas,b2b,es,sitemap.xml,200,https://vediums.com/es/empresas,0,,,,,,,,,"CONFIRMADO EM PRODUCAO: HTTP 200 sem redirect (--max-redirs 0), verificado em lote em 2026-08-24. Demais campos nao amostrados individualmente -- ver seo-snapshot.csv para a amostra detalhada."
https://vediums.com/es/carreiras,institutional,es,sitemap.xml,200,https://vediums.com/es/carreiras,0,,,,,,,,,"CONFIRMADO EM PRODUCAO: HTTP 200 sem redirect (--max-redirs 0), verificado em lote em 2026-08-24. Demais campos nao amostrados individualmente -- ver seo-snapshot.csv para a amostra detalhada."
https://vediums.com/es/diferenciais,institutional,es,sitemap.xml,200,https://vediums.com/es/diferenciais,0,,,,,,,,,"CONFIRMADO EM PRODUCAO: HTTP 200 sem redirect (--max-redirs 0), verificado em lote em 2026-08-24. Demais campos nao amostrados individualmente -- ver seo-snapshot.csv para a amostra detalhada."
https://vediums.com/es/metodologia,institutional,es,sitemap.xml,200,https://vediums.com/es/metodologia,0,,,,,,,,,"CONFIRMADO EM PRODUCAO: HTTP 200 sem redirect (--max-redirs 0), verificado em lote em 2026-08-24. Demais campos nao amostrados individualmente -- ver seo-snapshot.csv para a amostra detalhada."
https://vediums.com/fr,homepage,fr,sitemap.xml,200,https://vediums.com/fr,0,sim,https://vediums.com/fr,Vedium - Cours en Ligne et en Direct en Cinq Langues,Apprenez l,0 h1(s),"index, follow, max-image-preview:large, max-snippet:-1, max-video-preview:-1",6,ContactPoint;EducationalOrganization;PostalAddress,"CONFIRMADO EM PRODUCAO (amostra detalhada, verificado em 2026-08-24)."
https://vediums.com/fr/catalogo,course-hub,fr,sitemap.xml,200,https://vediums.com/fr/catalogo,0,sim,https://vediums.com/fr/catalogo,Catalogue de Cours — Cours de Langues en Ligne en Direct | Vedium,"Catalogue de cours en direct Vedium : anglais (A1 à C1), yoruba et portugais pour étrangers (PLE). Professeurs qualifiés et certificat.",0 h1(s),"index, follow, max-image-preview:large",6,ItemList;ListItem,"CONFIRMADO EM PRODUCAO (amostra detalhada, verificado em 2026-08-24)."
https://vediums.com/fr/sobre,institutional,fr,sitemap.xml,200,https://vediums.com/fr/sobre,0,,,,,,,,,"CONFIRMADO EM PRODUCAO: HTTP 200 sem redirect (--max-redirs 0), verificado em lote em 2026-08-24. Demais campos nao amostrados individualmente -- ver seo-snapshot.csv para a amostra detalhada."
https://vediums.com/fr/como-funciona,institutional,fr,sitemap.xml,200,https://vediums.com/fr/como-funciona,0,,,,,,,,,"CONFIRMADO EM PRODUCAO: HTTP 200 sem redirect (--max-redirs 0), verificado em lote em 2026-08-24. Demais campos nao amostrados individualmente -- ver seo-snapshot.csv para a amostra detalhada."
https://vediums.com/fr/faq,institutional,fr,sitemap.xml,200,https://vediums.com/fr/faq,0,,,,,,,,,"CONFIRMADO EM PRODUCAO: HTTP 200 sem redirect (--max-redirs 0), verificado em lote em 2026-08-24. Demais campos nao amostrados individualmente -- ver seo-snapshot.csv para a amostra detalhada."
https://vediums.com/fr/contato,conversion,fr,sitemap.xml,200,https://vediums.com/fr/contato,0,,,,,,,,,"CONFIRMADO EM PRODUCAO: HTTP 200 sem redirect (--max-redirs 0), verificado em lote em 2026-08-24. Demais campos nao amostrados individualmente -- ver seo-snapshot.csv para a amostra detalhada."
https://vediums.com/fr/planos,conversion,fr,sitemap.xml,200,https://vediums.com/fr/planos,0,,,,,,,,,"CONFIRMADO EM PRODUCAO: HTTP 200 sem redirect (--max-redirs 0), verificado em lote em 2026-08-24. Demais campos nao amostrados individualmente -- ver seo-snapshot.csv para a amostra detalhada."
https://vediums.com/fr/matricula,conversion,fr,sitemap.xml,200,https://vediums.com/fr/matricula,0,,,,,,,,,"CONFIRMADO EM PRODUCAO: HTTP 200 sem redirect (--max-redirs 0), verificado em lote em 2026-08-24. Demais campos nao amostrados individualmente -- ver seo-snapshot.csv para a amostra detalhada."
https://vediums.com/fr/aula-diagnostica,conversion,fr,sitemap.xml,200,https://vediums.com/fr/aula-diagnostica,0,,,,,,,,,"CONFIRMADO EM PRODUCAO: HTTP 200 sem redirect (--max-redirs 0), verificado em lote em 2026-08-24. Demais campos nao amostrados individualmente -- ver seo-snapshot.csv para a amostra detalhada."
https://vediums.com/fr/test-de-niveau-de-portugais,conversion,fr,sitemap.xml,200,https://vediums.com/fr/test-de-niveau-de-portugais,0,,,,,,,,,"CONFIRMADO EM PRODUCAO: HTTP 200 sem redirect (--max-redirs 0), verificado em lote em 2026-08-24. Demais campos nao amostrados individualmente -- ver seo-snapshot.csv para a amostra detalhada."
https://vediums.com/fr/portugais-pour-etrangers,language-pillar,fr,sitemap.xml,200,https://vediums.com/fr/portugais-pour-etrangers,0,sim,https://vediums.com/fr/portugais-pour-etrangers,Portugais du Brésil pour Étrangers — Cours en Ligne en Direct | Vedium,"Apprenez le portugais du Brésil en ligne avec des cours en direct pour étrangers : conversation réelle, prononciation, vocabulaire quotidien et culture pour vivre, travailler et étudier au Brésil.","1 h1(s): Le portugais du Brésil pour étrangers, centré sur la vie réelle au Brésil","index, follow, max-image-preview:large",7,Answer;BreadcrumbList;Course;FAQPage;ListItem;Organization;Question,"CONFIRMADO EM PRODUCAO (amostra detalhada, verificado em 2026-08-24)."
https://vediums.com/fr/portugais-pour-cadres,objective,fr,sitemap.xml,200,https://vediums.com/fr/portugais-pour-cadres,0,,,,,,,,,"CONFIRMADO EM PRODUCAO: HTTP 200 sem redirect (--max-redirs 0), verificado em lote em 2026-08-24. Demais campos nao amostrados individualmente -- ver seo-snapshot.csv para a amostra detalhada."
https://vediums.com/fr/preparation-examen-celpe-bras,objective,fr,sitemap.xml,200,https://vediums.com/fr/preparation-examen-celpe-bras,0,,,,,,,,,"CONFIRMADO EM PRODUCAO: HTTP 200 sem redirect (--max-redirs 0), verificado em lote em 2026-08-24. Demais campos nao amostrados individualmente -- ver seo-snapshot.csv para a amostra detalhada."
https://vediums.com/fr/cours-anglais-en-ligne-en-direct,language-pillar,fr,sitemap.xml,200,https://vediums.com/fr/cours-anglais-en-ligne-en-direct,0,sim,https://vediums.com/fr/cours-anglais-en-ligne-en-direct,Cours d'Anglais en Ligne en Direct (A1 à C1) — Vedium,Cours d,1 h1(s): Apprenez l'anglais en ligne en cours en direct avec un vrai professeur,"index, follow, max-image-preview:large",7,Answer;BreadcrumbList;Course;FAQPage;ListItem;Organization;Question,"CONFIRMADO EM PRODUCAO (amostra detalhada, verificado em 2026-08-24)."
https://vediums.com/fr/anglais-entretien-embauche,objective,fr,sitemap.xml,200,https://vediums.com/fr/anglais-entretien-embauche,0,,,,,,,,,"CONFIRMADO EM PRODUCAO: HTTP 200 sem redirect (--max-redirs 0), verificado em lote em 2026-08-24. Demais campos nao amostrados individualmente -- ver seo-snapshot.csv para a amostra detalhada."
https://vediums.com/fr/anglais-developpeurs-informatique,objective,fr,sitemap.xml,200,https://vediums.com/fr/anglais-developpeurs-informatique,0,,,,,,,,,"CONFIRMADO EM PRODUCAO: HTTP 200 sem redirect (--max-redirs 0), verificado em lote em 2026-08-24. Demais campos nao amostrados individualmente -- ver seo-snapshot.csv para a amostra detalhada."
https://vediums.com/fr/anglais-des-affaires,objective,fr,sitemap.xml,200,https://vediums.com/fr/anglais-des-affaires,0,,,,,,,,,"CONFIRMADO EM PRODUCAO: HTTP 200 sem redirect (--max-redirs 0), verificado em lote em 2026-08-24. Demais campos nao amostrados individualmente -- ver seo-snapshot.csv para a amostra detalhada."
https://vediums.com/fr/anglais-pour-voyager,objective,fr,sitemap.xml,200,https://vediums.com/fr/anglais-pour-voyager,0,,,,,,,,,"CONFIRMADO EM PRODUCAO: HTTP 200 sem redirect (--max-redirs 0), verificado em lote em 2026-08-24. Demais campos nao amostrados individualmente -- ver seo-snapshot.csv para a amostra detalhada."
https://vediums.com/fr/anglais-service-client,objective,fr,sitemap.xml,200,https://vediums.com/fr/anglais-service-client,0,,,,,,,,,"CONFIRMADO EM PRODUCAO: HTTP 200 sem redirect (--max-redirs 0), verificado em lote em 2026-08-24. Demais campos nao amostrados individualmente -- ver seo-snapshot.csv para a amostra detalhada."
https://vediums.com/fr/certificado,institutional,fr,sitemap.xml,200,https://vediums.com/fr/certificado,0,,,,,,,,,"CONFIRMADO EM PRODUCAO: HTTP 200 sem redirect (--max-redirs 0), verificado em lote em 2026-08-24. Demais campos nao amostrados individualmente -- ver seo-snapshot.csv para a amostra detalhada."
https://vediums.com/fr/comunidade,institutional,fr,sitemap.xml,200,https://vediums.com/fr/comunidade,0,,,,,,,,,"CONFIRMADO EM PRODUCAO: HTTP 200 sem redirect (--max-redirs 0), verificado em lote em 2026-08-24. Demais campos nao amostrados individualmente -- ver seo-snapshot.csv para a amostra detalhada."
https://vediums.com/fr/programa-de-indicacao,conversion,fr,sitemap.xml,200,https://vediums.com/fr/programa-de-indicacao,0,,,,,,,,,"CONFIRMADO EM PRODUCAO: HTTP 200 sem redirect (--max-redirs 0), verificado em lote em 2026-08-24. Demais campos nao amostrados individualmente -- ver seo-snapshot.csv para a amostra detalhada."
https://vediums.com/fr/empresas,b2b,fr,sitemap.xml,200,https://vediums.com/fr/empresas,0,,,,,,,,,"CONFIRMADO EM PRODUCAO: HTTP 200 sem redirect (--max-redirs 0), verificado em lote em 2026-08-24. Demais campos nao amostrados individualmente -- ver seo-snapshot.csv para a amostra detalhada."
https://vediums.com/fr/carreiras,institutional,fr,sitemap.xml,200,https://vediums.com/fr/carreiras,0,,,,,,,,,"CONFIRMADO EM PRODUCAO: HTTP 200 sem redirect (--max-redirs 0), verificado em lote em 2026-08-24. Demais campos nao amostrados individualmente -- ver seo-snapshot.csv para a amostra detalhada."
https://vediums.com/fr/diferenciais,institutional,fr,sitemap.xml,200,https://vediums.com/fr/diferenciais,0,,,,,,,,,"CONFIRMADO EM PRODUCAO: HTTP 200 sem redirect (--max-redirs 0), verificado em lote em 2026-08-24. Demais campos nao amostrados individualmente -- ver seo-snapshot.csv para a amostra detalhada."
https://vediums.com/fr/metodologia,institutional,fr,sitemap.xml,200,https://vediums.com/fr/metodologia,0,,,,,,,,,"CONFIRMADO EM PRODUCAO: HTTP 200 sem redirect (--max-redirs 0), verificado em lote em 2026-08-24. Demais campos nao amostrados individualmente -- ver seo-snapshot.csv para a amostra detalhada."
https://vediums.com/de,homepage,de,sitemap.xml,200,https://vediums.com/de,0,sim,https://vediums.com/de,Vedium - Live-Onlinekurse in fünf Sprachen,"Lernen Sie Englisch (Niveau A1 bis C1) und Yoruba mit Vedium: Live-Unterricht mit qualifizierten Lehrkräften, Abschlusszertifikat und echter Lernbegleitung. Starten Sie noch heute Ihren Weg zur Sprachsicherheit.",0 h1(s),"index, follow, max-image-preview:large, max-snippet:-1, max-video-preview:-1",6,ContactPoint;EducationalOrganization;PostalAddress,"CONFIRMADO EM PRODUCAO (amostra detalhada, verificado em 2026-08-24)."
https://vediums.com/de/catalogo,course-hub,de,sitemap.xml,200,https://vediums.com/de/catalogo,0,sim,https://vediums.com/de/catalogo,Kursverzeichnis — Live Online Sprachkurse | Vedium,"Vedium Live-Kursverzeichnis: Englisch (A1 bis C1), Yoruba und Portugiesisch für Ausländer (PLE). Qualifizierte Lehrkräfte und Zertifikat.",0 h1(s),"index, follow, max-image-preview:large",6,ItemList;ListItem,"CONFIRMADO EM PRODUCAO (amostra detalhada, verificado em 2026-08-24)."
https://vediums.com/de/sobre,institutional,de,sitemap.xml,200,https://vediums.com/de/sobre,0,,,,,,,,,"CONFIRMADO EM PRODUCAO: HTTP 200 sem redirect (--max-redirs 0), verificado em lote em 2026-08-24. Demais campos nao amostrados individualmente -- ver seo-snapshot.csv para a amostra detalhada."
https://vediums.com/de/como-funciona,institutional,de,sitemap.xml,200,https://vediums.com/de/como-funciona,0,,,,,,,,,"CONFIRMADO EM PRODUCAO: HTTP 200 sem redirect (--max-redirs 0), verificado em lote em 2026-08-24. Demais campos nao amostrados individualmente -- ver seo-snapshot.csv para a amostra detalhada."
https://vediums.com/de/faq,institutional,de,sitemap.xml,200,https://vediums.com/de/faq,0,,,,,,,,,"CONFIRMADO EM PRODUCAO: HTTP 200 sem redirect (--max-redirs 0), verificado em lote em 2026-08-24. Demais campos nao amostrados individualmente -- ver seo-snapshot.csv para a amostra detalhada."
https://vediums.com/de/contato,conversion,de,sitemap.xml,200,https://vediums.com/de/contato,0,,,,,,,,,"CONFIRMADO EM PRODUCAO: HTTP 200 sem redirect (--max-redirs 0), verificado em lote em 2026-08-24. Demais campos nao amostrados individualmente -- ver seo-snapshot.csv para a amostra detalhada."
https://vediums.com/de/planos,conversion,de,sitemap.xml,200,https://vediums.com/de/planos,0,,,,,,,,,"CONFIRMADO EM PRODUCAO: HTTP 200 sem redirect (--max-redirs 0), verificado em lote em 2026-08-24. Demais campos nao amostrados individualmente -- ver seo-snapshot.csv para a amostra detalhada."
https://vediums.com/de/matricula,conversion,de,sitemap.xml,200,https://vediums.com/de/matricula,0,,,,,,,,,"CONFIRMADO EM PRODUCAO: HTTP 200 sem redirect (--max-redirs 0), verificado em lote em 2026-08-24. Demais campos nao amostrados individualmente -- ver seo-snapshot.csv para a amostra detalhada."
https://vediums.com/de/aula-diagnostica,conversion,de,sitemap.xml,200,https://vediums.com/de/aula-diagnostica,0,,,,,,,,,"CONFIRMADO EM PRODUCAO: HTTP 200 sem redirect (--max-redirs 0), verificado em lote em 2026-08-24. Demais campos nao amostrados individualmente -- ver seo-snapshot.csv para a amostra detalhada."
https://vediums.com/de/portugiesisch-einstufungstest,conversion,de,sitemap.xml,200,https://vediums.com/de/portugiesisch-einstufungstest,0,,,,,,,,,"CONFIRMADO EM PRODUCAO: HTTP 200 sem redirect (--max-redirs 0), verificado em lote em 2026-08-24. Demais campos nao amostrados individualmente -- ver seo-snapshot.csv para a amostra detalhada."
https://vediums.com/de/portugiesisch-fuer-auslaender,language-pillar,de,sitemap.xml,200,https://vediums.com/de/portugiesisch-fuer-auslaender,0,sim,https://vediums.com/de/portugiesisch-fuer-auslaender,Brasilianisches Portugiesisch für Ausländer — Live-Online-Kurs | Vedium,"Lernen Sie brasilianisches Portugiesisch online mit Live-Unterricht für Ausländer: echte Konversation, Aussprache, Alltagswortschatz und Kultur, um in Brasilien zu leben, zu arbeiten und zu studieren.","1 h1(s): Brasilianisches Portugiesisch für Ausländer, ausgerichtet auf das echte Leben in Brasilien","index, follow, max-image-preview:large",7,Answer;BreadcrumbList;Course;FAQPage;ListItem;Organization;Question,"CONFIRMADO EM PRODUCAO (amostra detalhada, verificado em 2026-08-24)."
https://vediums.com/de/portugiesisch-fuer-fuehrungskraefte,objective,de,sitemap.xml,200,https://vediums.com/de/portugiesisch-fuer-fuehrungskraefte,0,,,,,,,,,"CONFIRMADO EM PRODUCAO: HTTP 200 sem redirect (--max-redirs 0), verificado em lote em 2026-08-24. Demais campos nao amostrados individualmente -- ver seo-snapshot.csv para a amostra detalhada."
https://vediums.com/de/celpe-bras-pruefungsvorbereitung,objective,de,sitemap.xml,200,https://vediums.com/de/celpe-bras-pruefungsvorbereitung,0,,,,,,,,,"CONFIRMADO EM PRODUCAO: HTTP 200 sem redirect (--max-redirs 0), verificado em lote em 2026-08-24. Demais campos nao amostrados individualmente -- ver seo-snapshot.csv para a amostra detalhada."
https://vediums.com/de/englischkurs-online-live,language-pillar,de,sitemap.xml,200,https://vediums.com/de/englischkurs-online-live,0,sim,https://vediums.com/de/englischkurs-online-live,Englischkurs Online Live (A1 bis C1) — Vedium,"Live-Englischkurs online bei Vedium: Unterricht in Echtzeit mit Lehrkraft, von A1 bis C1, mit Fokus auf Konversation, Zertifikat und einem Plan nach Ihrem Ziel. Ab 110 €/Monat.",1 h1(s): Englisch online lernen im Live-Unterricht mit echter Lehrkraft,"index, follow, max-image-preview:large",7,Answer;BreadcrumbList;Course;FAQPage;ListItem;Organization;Question,"CONFIRMADO EM PRODUCAO (amostra detalhada, verificado em 2026-08-24)."
https://vediums.com/de/englisch-fuer-vorstellungsgespraeche,objective,de,sitemap.xml,200,https://vediums.com/de/englisch-fuer-vorstellungsgespraeche,0,,,,,,,,,"CONFIRMADO EM PRODUCAO: HTTP 200 sem redirect (--max-redirs 0), verificado em lote em 2026-08-24. Demais campos nao amostrados individualmente -- ver seo-snapshot.csv para a amostra detalhada."
https://vediums.com/de/englisch-fuer-entwickler,objective,de,sitemap.xml,200,https://vediums.com/de/englisch-fuer-entwickler,0,,,,,,,,,"CONFIRMADO EM PRODUCAO: HTTP 200 sem redirect (--max-redirs 0), verificado em lote em 2026-08-24. Demais campos nao amostrados individualmente -- ver seo-snapshot.csv para a amostra detalhada."
https://vediums.com/de/business-englisch-online,objective,de,sitemap.xml,200,https://vediums.com/de/business-englisch-online,0,,,,,,,,,"CONFIRMADO EM PRODUCAO: HTTP 200 sem redirect (--max-redirs 0), verificado em lote em 2026-08-24. Demais campos nao amostrados individualmente -- ver seo-snapshot.csv para a amostra detalhada."
https://vediums.com/de/englisch-fuer-reisen,objective,de,sitemap.xml,200,https://vediums.com/de/englisch-fuer-reisen,0,,,,,,,,,"CONFIRMADO EM PRODUCAO: HTTP 200 sem redirect (--max-redirs 0), verificado em lote em 2026-08-24. Demais campos nao amostrados individualmente -- ver seo-snapshot.csv para a amostra detalhada."
https://vediums.com/de/englisch-fuer-kundenservice,objective,de,sitemap.xml,200,https://vediums.com/de/englisch-fuer-kundenservice,0,,,,,,,,,"CONFIRMADO EM PRODUCAO: HTTP 200 sem redirect (--max-redirs 0), verificado em lote em 2026-08-24. Demais campos nao amostrados individualmente -- ver seo-snapshot.csv para a amostra detalhada."
https://vediums.com/de/diferenciais,institutional,de,sitemap.xml,200,https://vediums.com/de/diferenciais,0,,,,,,,,,"CONFIRMADO EM PRODUCAO: HTTP 200 sem redirect (--max-redirs 0), verificado em lote em 2026-08-24. Demais campos nao amostrados individualmente -- ver seo-snapshot.csv para a amostra detalhada."
https://vediums.com/de/metodologia,institutional,de,sitemap.xml,200,https://vediums.com/de/metodologia,0,,,,,,,,,"CONFIRMADO EM PRODUCAO: HTTP 200 sem redirect (--max-redirs 0), verificado em lote em 2026-08-24. Demais campos nao amostrados individualmente -- ver seo-snapshot.csv para a amostra detalhada."
https://vediums.com/de/certificado,institutional,de,sitemap.xml,200,https://vediums.com/de/certificado,0,,,,,,,,,"CONFIRMADO EM PRODUCAO: HTTP 200 sem redirect (--max-redirs 0), verificado em lote em 2026-08-24. Demais campos nao amostrados individualmente -- ver seo-snapshot.csv para a amostra detalhada."
https://vediums.com/de/comunidade,institutional,de,sitemap.xml,200,https://vediums.com/de/comunidade,0,,,,,,,,,"CONFIRMADO EM PRODUCAO: HTTP 200 sem redirect (--max-redirs 0), verificado em lote em 2026-08-24. Demais campos nao amostrados individualmente -- ver seo-snapshot.csv para a amostra detalhada."
https://vediums.com/de/programa-de-indicacao,conversion,de,sitemap.xml,200,https://vediums.com/de/programa-de-indicacao,0,,,,,,,,,"CONFIRMADO EM PRODUCAO: HTTP 200 sem redirect (--max-redirs 0), verificado em lote em 2026-08-24. Demais campos nao amostrados individualmente -- ver seo-snapshot.csv para a amostra detalhada."
https://vediums.com/de/empresas,b2b,de,sitemap.xml,200,https://vediums.com/de/empresas,0,,,,,,,,,"CONFIRMADO EM PRODUCAO: HTTP 200 sem redirect (--max-redirs 0), verificado em lote em 2026-08-24. Demais campos nao amostrados individualmente -- ver seo-snapshot.csv para a amostra detalhada."
https://vediums.com/de/carreiras,institutional,de,sitemap.xml,200,https://vediums.com/de/carreiras,0,,,,,,,,,"CONFIRMADO EM PRODUCAO: HTTP 200 sem redirect (--max-redirs 0), verificado em lote em 2026-08-24. Demais campos nao amostrados individualmente -- ver seo-snapshot.csv para a amostra detalhada."
https://vediums.com/ru,homepage,ru,sitemap.xml,200,https://vediums.com/ru,0,sim,https://vediums.com/ru,Vedium - Живые онлайн-курсы пяти языков,"Изучайте английский (уровни A1–C1) и йоруба с Vedium: живые занятия с квалифицированными преподавателями, сертификат об окончании и настоящее сопровождение. Начните свой путь к беглости речи уже сегодня.",0 h1(s),"index, follow, max-image-preview:large, max-snippet:-1, max-video-preview:-1",7,ContactPoint;EducationalOrganization;PostalAddress,"CONFIRMADO EM PRODUCAO (amostra detalhada, verificado em 2026-08-24)."
https://vediums.com/ru/catalogo,course-hub,ru,sitemap.xml,200,https://vediums.com/ru/catalogo,0,sim,https://vediums.com/ru/catalogo,Каталог курсов — Живые онлайн-курсы языков | Vedium,"Каталог живых курсов Vedium: английский (A1–C1), йоруба и португальский для иностранцев (PLE). Квалифицированные преподаватели и сертификат.",0 h1(s),"index, follow, max-image-preview:large",7,ItemList;ListItem,"CONFIRMADO EM PRODUCAO (amostra detalhada, verificado em 2026-08-24)."
https://vediums.com/ru/sobre,institutional,ru,sitemap.xml,200,https://vediums.com/ru/sobre,0,,,,,,,,,"CONFIRMADO EM PRODUCAO: HTTP 200 sem redirect (--max-redirs 0), verificado em lote em 2026-08-24. Demais campos nao amostrados individualmente -- ver seo-snapshot.csv para a amostra detalhada."
https://vediums.com/ru/como-funciona,institutional,ru,sitemap.xml,200,https://vediums.com/ru/como-funciona,0,,,,,,,,,"CONFIRMADO EM PRODUCAO: HTTP 200 sem redirect (--max-redirs 0), verificado em lote em 2026-08-24. Demais campos nao amostrados individualmente -- ver seo-snapshot.csv para a amostra detalhada."
https://vediums.com/ru/faq,institutional,ru,sitemap.xml,200,https://vediums.com/ru/faq,0,,,,,,,,,"CONFIRMADO EM PRODUCAO: HTTP 200 sem redirect (--max-redirs 0), verificado em lote em 2026-08-24. Demais campos nao amostrados individualmente -- ver seo-snapshot.csv para a amostra detalhada."
https://vediums.com/ru/contato,conversion,ru,sitemap.xml,200,https://vediums.com/ru/contato,0,,,,,,,,,"CONFIRMADO EM PRODUCAO: HTTP 200 sem redirect (--max-redirs 0), verificado em lote em 2026-08-24. Demais campos nao amostrados individualmente -- ver seo-snapshot.csv para a amostra detalhada."
https://vediums.com/ru/planos,conversion,ru,sitemap.xml,200,https://vediums.com/ru/planos,0,,,,,,,,,"CONFIRMADO EM PRODUCAO: HTTP 200 sem redirect (--max-redirs 0), verificado em lote em 2026-08-24. Demais campos nao amostrados individualmente -- ver seo-snapshot.csv para a amostra detalhada."
https://vediums.com/ru/matricula,conversion,ru,sitemap.xml,200,https://vediums.com/ru/matricula,0,,,,,,,,,"CONFIRMADO EM PRODUCAO: HTTP 200 sem redirect (--max-redirs 0), verificado em lote em 2026-08-24. Demais campos nao amostrados individualmente -- ver seo-snapshot.csv para a amostra detalhada."
https://vediums.com/ru/aula-diagnostica,conversion,ru,sitemap.xml,200,https://vediums.com/ru/aula-diagnostica,0,,,,,,,,,"CONFIRMADO EM PRODUCAO: HTTP 200 sem redirect (--max-redirs 0), verificado em lote em 2026-08-24. Demais campos nao amostrados individualmente -- ver seo-snapshot.csv para a amostra detalhada."
https://vediums.com/ru/certificado,institutional,ru,sitemap.xml,200,https://vediums.com/ru/certificado,0,,,,,,,,,"CONFIRMADO EM PRODUCAO: HTTP 200 sem redirect (--max-redirs 0), verificado em lote em 2026-08-24. Demais campos nao amostrados individualmente -- ver seo-snapshot.csv para a amostra detalhada."
https://vediums.com/ru/comunidade,institutional,ru,sitemap.xml,200,https://vediums.com/ru/comunidade,0,,,,,,,,,"CONFIRMADO EM PRODUCAO: HTTP 200 sem redirect (--max-redirs 0), verificado em lote em 2026-08-24. Demais campos nao amostrados individualmente -- ver seo-snapshot.csv para a amostra detalhada."
https://vediums.com/ru/programa-de-indicacao,conversion,ru,sitemap.xml,200,https://vediums.com/ru/programa-de-indicacao,0,,,,,,,,,"CONFIRMADO EM PRODUCAO: HTTP 200 sem redirect (--max-redirs 0), verificado em lote em 2026-08-24. Demais campos nao amostrados individualmente -- ver seo-snapshot.csv para a amostra detalhada."
https://vediums.com/ru/empresas,b2b,ru,sitemap.xml,200,https://vediums.com/ru/empresas,0,,,,,,,,,"CONFIRMADO EM PRODUCAO: HTTP 200 sem redirect (--max-redirs 0), verificado em lote em 2026-08-24. Demais campos nao amostrados individualmente -- ver seo-snapshot.csv para a amostra detalhada."
https://vediums.com/ru/carreiras,institutional,ru,sitemap.xml,200,https://vediums.com/ru/carreiras,0,,,,,,,,,"CONFIRMADO EM PRODUCAO: HTTP 200 sem redirect (--max-redirs 0), verificado em lote em 2026-08-24. Demais campos nao amostrados individualmente -- ver seo-snapshot.csv para a amostra detalhada."
https://vediums.com/ru/diferenciais,institutional,ru,sitemap.xml,200,https://vediums.com/ru/diferenciais,0,,,,,,,,,"CONFIRMADO EM PRODUCAO: HTTP 200 sem redirect (--max-redirs 0), verificado em lote em 2026-08-24. Demais campos nao amostrados individualmente -- ver seo-snapshot.csv para a amostra detalhada."
https://vediums.com/ru/metodologia,institutional,ru,sitemap.xml,200,https://vediums.com/ru/metodologia,0,,,,,,,,,"CONFIRMADO EM PRODUCAO: HTTP 200 sem redirect (--max-redirs 0), verificado em lote em 2026-08-24. Demais campos nao amostrados individualmente -- ver seo-snapshot.csv para a amostra detalhada."
https://vediums.com/ru/kurs-angliyskogo-online,language-pillar,ru,sitemap.xml,200,https://vediums.com/ru/kurs-angliyskogo-online,0,,,,,,,,,"CONFIRMADO EM PRODUCAO: HTTP 200 sem redirect (--max-redirs 0), verificado em lote em 2026-08-24. Demais campos nao amostrados individualmente -- ver seo-snapshot.csv para a amostra detalhada."
https://vediums.com/ru/angliyskiy-dlya-sobesedovaniy,objective,ru,sitemap.xml,200,https://vediums.com/ru/angliyskiy-dlya-sobesedovaniy,0,,,,,,,,,"CONFIRMADO EM PRODUCAO: HTTP 200 sem redirect (--max-redirs 0), verificado em lote em 2026-08-24. Demais campos nao amostrados individualmente -- ver seo-snapshot.csv para a amostra detalhada."
https://vediums.com/ru/angliyskiy-dlya-programmistov,objective,ru,sitemap.xml,200,https://vediums.com/ru/angliyskiy-dlya-programmistov,0,,,,,,,,,"CONFIRMADO EM PRODUCAO: HTTP 200 sem redirect (--max-redirs 0), verificado em lote em 2026-08-24. Demais campos nao amostrados individualmente -- ver seo-snapshot.csv para a amostra detalhada."
https://vediums.com/ru/biznes-angliyskiy-online,objective,ru,sitemap.xml,200,https://vediums.com/ru/biznes-angliyskiy-online,0,,,,,,,,,"CONFIRMADO EM PRODUCAO: HTTP 200 sem redirect (--max-redirs 0), verificado em lote em 2026-08-24. Demais campos nao amostrados individualmente -- ver seo-snapshot.csv para a amostra detalhada."
https://vediums.com/ru/angliyskiy-dlya-puteshestviy,objective,ru,sitemap.xml,200,https://vediums.com/ru/angliyskiy-dlya-puteshestviy,0,,,,,,,,,"CONFIRMADO EM PRODUCAO: HTTP 200 sem redirect (--max-redirs 0), verificado em lote em 2026-08-24. Demais campos nao amostrados individualmente -- ver seo-snapshot.csv para a amostra detalhada."
https://vediums.com/ru/angliyskiy-dlya-podderzhki-klientov,objective,ru,sitemap.xml,200,https://vediums.com/ru/angliyskiy-dlya-podderzhki-klientov,0,,,,,,,,,"CONFIRMADO EM PRODUCAO: HTTP 200 sem redirect (--max-redirs 0), verificado em lote em 2026-08-24. Demais campos nao amostrados individualmente -- ver seo-snapshot.csv para a amostra detalhada."
https://vediums.com/ru/kurs-yoruba-online,language-pillar,ru,sitemap.xml,200,https://vediums.com/ru/kurs-yoruba-online,0,,,,,,,,,"CONFIRMADO EM PRODUCAO: HTTP 200 sem redirect (--max-redirs 0), verificado em lote em 2026-08-24. Demais campos nao amostrados individualmente -- ver seo-snapshot.csv para a amostra detalhada."
https://vediums.com/ru/yoruba-dlya-nachinayushchikh,objective,ru,sitemap.xml,200,https://vediums.com/ru/yoruba-dlya-nachinayushchikh,0,,,,,,,,,"CONFIRMADO EM PRODUCAO: HTTP 200 sem redirect (--max-redirs 0), verificado em lote em 2026-08-24. Demais campos nao amostrados individualmente -- ver seo-snapshot.csv para a amostra detalhada."
https://vediums.com/ru/yoruba-kultura-i-nasledie,objective,ru,sitemap.xml,200,https://vediums.com/ru/yoruba-kultura-i-nasledie,0,,,,,,,,,"CONFIRMADO EM PRODUCAO: HTTP 200 sem redirect (--max-redirs 0), verificado em lote em 2026-08-24. Demais campos nao amostrados individualmente -- ver seo-snapshot.csv para a amostra detalhada."
https://vediums.com/ru/portugalskiy-dlya-inostrantsev,language-pillar,ru,sitemap.xml,200,https://vediums.com/ru/portugalskiy-dlya-inostrantsev,0,sim,https://vediums.com/ru/portugalskiy-dlya-inostrantsev,Бразильский португальский для иностранцев — живой онлайн-курс | Vedium,"Изучайте бразильский португальский онлайн с живыми занятиями для иностранцев: настоящий разговор, произношение, повседневная лексика и культура для жизни, работы и учёбы в Бразилии.","1 h1(s): Бразильский португальский для иностранцев, ориентированный на реальную жизнь в Бразилии","index, follow, max-image-preview:large",7,Answer;BreadcrumbList;Course;FAQPage;ListItem;Organization;Question,"CONFIRMADO EM PRODUCAO (amostra detalhada, verificado em 2026-08-24)."
https://vediums.com/ru/portugalskiy-dlya-rukovoditeley,objective,ru,sitemap.xml,200,https://vediums.com/ru/portugalskiy-dlya-rukovoditeley,0,,,,,,,,,"CONFIRMADO EM PRODUCAO: HTTP 200 sem redirect (--max-redirs 0), verificado em lote em 2026-08-24. Demais campos nao amostrados individualmente -- ver seo-snapshot.csv para a amostra detalhada."
https://vediums.com/ru/podgotovka-k-celpe-bras,objective,ru,sitemap.xml,200,https://vediums.com/ru/podgotovka-k-celpe-bras,0,,,,,,,,,"CONFIRMADO EM PRODUCAO: HTTP 200 sem redirect (--max-redirs 0), verificado em lote em 2026-08-24. Demais campos nao amostrados individualmente -- ver seo-snapshot.csv para a amostra detalhada."
https://vediums.com/curso/hebraico-particular,level,pt-BR,sitemap.xml,200,https://vediums.com/curso/hebraico-particular,0,,,,,,,,,"CONFIRMADO EM PRODUCAO: HTTP 200 sem redirect (--max-redirs 0), verificado em lote em 2026-08-24. Demais campos nao amostrados individualmente -- ver seo-snapshot.csv para a amostra detalhada."
https://vediums.com/curso/hebraico-biblico-leitura-guiada,level,pt-BR,sitemap.xml,200,https://vediums.com/curso/hebraico-biblico-leitura-guiada,0,,,,,,,,,"CONFIRMADO EM PRODUCAO: HTTP 200 sem redirect (--max-redirs 0), verificado em lote em 2026-08-24. Demais campos nao amostrados individualmente -- ver seo-snapshot.csv para a amostra detalhada."
https://vediums.com/curso/hebraico-moderno-a2-b1,level,pt-BR,sitemap.xml,200,https://vediums.com/curso/hebraico-moderno-a2-b1,0,,,,,,,,,"CONFIRMADO EM PRODUCAO: HTTP 200 sem redirect (--max-redirs 0), verificado em lote em 2026-08-24. Demais campos nao amostrados individualmente -- ver seo-snapshot.csv para a amostra detalhada."
https://vediums.com/curso/hebraico-a0-alfabetizacao,level,pt-BR,sitemap.xml,200,https://vediums.com/curso/hebraico-a0-alfabetizacao,0,,,,,,,,,"CONFIRMADO EM PRODUCAO: HTTP 200 sem redirect (--max-redirs 0), verificado em lote em 2026-08-24. Demais campos nao amostrados individualmente -- ver seo-snapshot.csv para a amostra detalhada."
https://vediums.com/curso/hebraico-moderno-a1,level,pt-BR,sitemap.xml,200,https://vediums.com/curso/hebraico-moderno-a1,0,sim,https://vediums.com/curso/hebraico-moderno-a1,Hebraico Moderno Nível A1 — Curso de Idiomas Online ao Vivo | Vedium,"Para começar no hebraico moderno. Desenvolva leitura inicial, pronúncia, vocabulário essencial e frases simples do cotidiano com professor ao vivo.",1 h1(s): Hebraico Moderno Nível A1,"index, follow, max-image-preview:large, max-snippet:-1",0,BreadcrumbList;Course;ListItem;Offer;Organization;Person,"CONFIRMADO EM PRODUCAO (amostra detalhada, verificado em 2026-08-24)."
https://vediums.com/curso/espanhol-avancado,level,pt-BR,sitemap.xml,200,https://vediums.com/curso/espanhol-avancado,0,,,,,,,,,"CONFIRMADO EM PRODUCAO: HTTP 200 sem redirect (--max-redirs 0), verificado em lote em 2026-08-24. Demais campos nao amostrados individualmente -- ver seo-snapshot.csv para a amostra detalhada."
https://vediums.com/curso/espanhol-intermediario,level,pt-BR,sitemap.xml,200,https://vediums.com/curso/espanhol-intermediario,0,,,,,,,,,"CONFIRMADO EM PRODUCAO: HTTP 200 sem redirect (--max-redirs 0), verificado em lote em 2026-08-24. Demais campos nao amostrados individualmente -- ver seo-snapshot.csv para a amostra detalhada."
https://vediums.com/curso/espanhol-basico,level,pt-BR,sitemap.xml,200,https://vediums.com/curso/espanhol-basico,0,sim,https://vediums.com/curso/espanhol-basico,Espanhol Nível Básico (A1-A2) — Curso de Idiomas Online ao Vivo | Vedium,"Para quem quer começar espanhol do jeito certo. Aprenda saudações, frases essenciais, pronúncia, vocabulário e conversas básicas sem cair no portunhol.",1 h1(s): Espanhol Nível Básico (A1-A2),"index, follow, max-image-preview:large, max-snippet:-1",0,BreadcrumbList;Course;ListItem;Offer;Organization;Person,"CONFIRMADO EM PRODUCAO (amostra detalhada, verificado em 2026-08-24)."
https://vediums.com/curso/portugues-para-estrangeiros-avancado,level,pt-BR,sitemap.xml,200,https://vediums.com/curso/portugues-para-estrangeiros-avancado,0,,,,,,,,,"CONFIRMADO EM PRODUCAO: HTTP 200 sem redirect (--max-redirs 0), verificado em lote em 2026-08-24. Demais campos nao amostrados individualmente -- ver seo-snapshot.csv para a amostra detalhada."
https://vediums.com/en/curso/portugues-para-estrangeiros-avancado,level,en,sitemap.xml,200,https://vediums.com/en/curso/portugues-para-estrangeiros-avancado,0,,,,,,,,,"CONFIRMADO EM PRODUCAO: HTTP 200 sem redirect (--max-redirs 0), verificado em lote em 2026-08-24. Demais campos nao amostrados individualmente -- ver seo-snapshot.csv para a amostra detalhada."
https://vediums.com/es/curso/portugues-para-estrangeiros-avancado,level,es,sitemap.xml,200,https://vediums.com/es/curso/portugues-para-estrangeiros-avancado,0,,,,,,,,,"CONFIRMADO EM PRODUCAO: HTTP 200 sem redirect (--max-redirs 0), verificado em lote em 2026-08-24. Demais campos nao amostrados individualmente -- ver seo-snapshot.csv para a amostra detalhada."
https://vediums.com/fr/curso/portugues-para-estrangeiros-avancado,level,fr,sitemap.xml,200,https://vediums.com/fr/curso/portugues-para-estrangeiros-avancado,0,,,,,,,,,"CONFIRMADO EM PRODUCAO: HTTP 200 sem redirect (--max-redirs 0), verificado em lote em 2026-08-24. Demais campos nao amostrados individualmente -- ver seo-snapshot.csv para a amostra detalhada."
https://vediums.com/de/curso/portugues-para-estrangeiros-avancado,level,de,sitemap.xml,200,https://vediums.com/de/curso/portugues-para-estrangeiros-avancado,0,,,,,,,,,"CONFIRMADO EM PRODUCAO: HTTP 200 sem redirect (--max-redirs 0), verificado em lote em 2026-08-24. Demais campos nao amostrados individualmente -- ver seo-snapshot.csv para a amostra detalhada."
https://vediums.com/ru/curso/portugues-para-estrangeiros-avancado,level,ru,sitemap.xml,200,https://vediums.com/ru/curso/portugues-para-estrangeiros-avancado,0,,,,,,,,,"CONFIRMADO EM PRODUCAO: HTTP 200 sem redirect (--max-redirs 0), verificado em lote em 2026-08-24. Demais campos nao amostrados individualmente -- ver seo-snapshot.csv para a amostra detalhada."
https://vediums.com/curso/portugues-para-estrangeiros-intermediario,level,pt-BR,sitemap.xml,200,https://vediums.com/curso/portugues-para-estrangeiros-intermediario,0,,,,,,,,,"CONFIRMADO EM PRODUCAO: HTTP 200 sem redirect (--max-redirs 0), verificado em lote em 2026-08-24. Demais campos nao amostrados individualmente -- ver seo-snapshot.csv para a amostra detalhada."
https://vediums.com/en/curso/portugues-para-estrangeiros-intermediario,level,en,sitemap.xml,200,https://vediums.com/en/curso/portugues-para-estrangeiros-intermediario,0,,,,,,,,,"CONFIRMADO EM PRODUCAO: HTTP 200 sem redirect (--max-redirs 0), verificado em lote em 2026-08-24. Demais campos nao amostrados individualmente -- ver seo-snapshot.csv para a amostra detalhada."
https://vediums.com/es/curso/portugues-para-estrangeiros-intermediario,level,es,sitemap.xml,200,https://vediums.com/es/curso/portugues-para-estrangeiros-intermediario,0,,,,,,,,,"CONFIRMADO EM PRODUCAO: HTTP 200 sem redirect (--max-redirs 0), verificado em lote em 2026-08-24. Demais campos nao amostrados individualmente -- ver seo-snapshot.csv para a amostra detalhada."
https://vediums.com/fr/curso/portugues-para-estrangeiros-intermediario,level,fr,sitemap.xml,200,https://vediums.com/fr/curso/portugues-para-estrangeiros-intermediario,0,,,,,,,,,"CONFIRMADO EM PRODUCAO: HTTP 200 sem redirect (--max-redirs 0), verificado em lote em 2026-08-24. Demais campos nao amostrados individualmente -- ver seo-snapshot.csv para a amostra detalhada."
https://vediums.com/de/curso/portugues-para-estrangeiros-intermediario,level,de,sitemap.xml,200,https://vediums.com/de/curso/portugues-para-estrangeiros-intermediario,0,,,,,,,,,"CONFIRMADO EM PRODUCAO: HTTP 200 sem redirect (--max-redirs 0), verificado em lote em 2026-08-24. Demais campos nao amostrados individualmente -- ver seo-snapshot.csv para a amostra detalhada."
https://vediums.com/ru/curso/portugues-para-estrangeiros-intermediario,level,ru,sitemap.xml,200,https://vediums.com/ru/curso/portugues-para-estrangeiros-intermediario,0,,,,,,,,,"CONFIRMADO EM PRODUCAO: HTTP 200 sem redirect (--max-redirs 0), verificado em lote em 2026-08-24. Demais campos nao amostrados individualmente -- ver seo-snapshot.csv para a amostra detalhada."
https://vediums.com/curso/portugues-para-estrangeiros-basico,level,pt-BR,sitemap.xml,200,https://vediums.com/curso/portugues-para-estrangeiros-basico,0,sim,https://vediums.com/curso/portugues-para-estrangeiros-basico,Português para Estrangeiros Nível Básico (PLE) — Curso de Idiomas Online ao Vivo | Vedium,"Para quem está começando do zero. Aprenda saudações, vocabulário essencial e comunicação básica do português brasileiro com imersão cultural.",1 h1(s): Português para Estrangeiros Nível Básico (PLE),"index, follow, max-image-preview:large, max-snippet:-1",7,BreadcrumbList;Course;ListItem;Offer;Organization;Person,"CONFIRMADO EM PRODUCAO (amostra detalhada, verificado em 2026-08-24)."
https://vediums.com/en/curso/portugues-para-estrangeiros-basico,level,en,sitemap.xml,200,https://vediums.com/en/curso/portugues-para-estrangeiros-basico,0,sim,https://vediums.com/en/curso/portugues-para-estrangeiros-basico,Portuguese for Foreigners: Basic Level (PLE) — Live Online Language Course | Vedium,"For complete beginners. Learn greetings, essential vocabulary and basic Brazilian Portuguese communication with cultural immersion from the first class.",1 h1(s): Portuguese for Foreigners: Basic Level (PLE),"index, follow, max-image-preview:large, max-snippet:-1",7,BreadcrumbList;Course;ListItem;Offer;Organization;Person,"CONFIRMADO EM PRODUCAO (amostra detalhada, verificado em 2026-08-24)."
https://vediums.com/es/curso/portugues-para-estrangeiros-basico,level,es,sitemap.xml,200,https://vediums.com/es/curso/portugues-para-estrangeiros-basico,0,,,,,,,,,"CONFIRMADO EM PRODUCAO: HTTP 200 sem redirect (--max-redirs 0), verificado em lote em 2026-08-24. Demais campos nao amostrados individualmente -- ver seo-snapshot.csv para a amostra detalhada."
https://vediums.com/fr/curso/portugues-para-estrangeiros-basico,level,fr,sitemap.xml,200,https://vediums.com/fr/curso/portugues-para-estrangeiros-basico,0,,,,,,,,,"CONFIRMADO EM PRODUCAO: HTTP 200 sem redirect (--max-redirs 0), verificado em lote em 2026-08-24. Demais campos nao amostrados individualmente -- ver seo-snapshot.csv para a amostra detalhada."
https://vediums.com/de/curso/portugues-para-estrangeiros-basico,level,de,sitemap.xml,200,https://vediums.com/de/curso/portugues-para-estrangeiros-basico,0,,,,,,,,,"CONFIRMADO EM PRODUCAO: HTTP 200 sem redirect (--max-redirs 0), verificado em lote em 2026-08-24. Demais campos nao amostrados individualmente -- ver seo-snapshot.csv para a amostra detalhada."
https://vediums.com/ru/curso/portugues-para-estrangeiros-basico,level,ru,sitemap.xml,200,https://vediums.com/ru/curso/portugues-para-estrangeiros-basico,0,,,,,,,,,"CONFIRMADO EM PRODUCAO: HTTP 200 sem redirect (--max-redirs 0), verificado em lote em 2026-08-24. Demais campos nao amostrados individualmente -- ver seo-snapshot.csv para a amostra detalhada."
https://vediums.com/curso/ioruba-avancado,level,pt-BR,sitemap.xml,200,https://vediums.com/curso/ioruba-avancado,0,,,,,,,,,"CONFIRMADO EM PRODUCAO: HTTP 200 sem redirect (--max-redirs 0), verificado em lote em 2026-08-24. Demais campos nao amostrados individualmente -- ver seo-snapshot.csv para a amostra detalhada."
https://vediums.com/en/curso/ioruba-avancado,level,en,sitemap.xml,200,https://vediums.com/en/curso/ioruba-avancado,0,,,,,,,,,"CONFIRMADO EM PRODUCAO: HTTP 200 sem redirect (--max-redirs 0), verificado em lote em 2026-08-24. Demais campos nao amostrados individualmente -- ver seo-snapshot.csv para a amostra detalhada."
https://vediums.com/es/curso/ioruba-avancado,level,es,sitemap.xml,200,https://vediums.com/es/curso/ioruba-avancado,0,,,,,,,,,"CONFIRMADO EM PRODUCAO: HTTP 200 sem redirect (--max-redirs 0), verificado em lote em 2026-08-24. Demais campos nao amostrados individualmente -- ver seo-snapshot.csv para a amostra detalhada."
https://vediums.com/fr/curso/ioruba-avancado,level,fr,sitemap.xml,200,https://vediums.com/fr/curso/ioruba-avancado,0,,,,,,,,,"CONFIRMADO EM PRODUCAO: HTTP 200 sem redirect (--max-redirs 0), verificado em lote em 2026-08-24. Demais campos nao amostrados individualmente -- ver seo-snapshot.csv para a amostra detalhada."
https://vediums.com/de/curso/ioruba-avancado,level,de,sitemap.xml,200,https://vediums.com/de/curso/ioruba-avancado,0,,,,,,,,,"CONFIRMADO EM PRODUCAO: HTTP 200 sem redirect (--max-redirs 0), verificado em lote em 2026-08-24. Demais campos nao amostrados individualmente -- ver seo-snapshot.csv para a amostra detalhada."
https://vediums.com/ru/curso/ioruba-avancado,level,ru,sitemap.xml,200,https://vediums.com/ru/curso/ioruba-avancado,0,,,,,,,,,"CONFIRMADO EM PRODUCAO: HTTP 200 sem redirect (--max-redirs 0), verificado em lote em 2026-08-24. Demais campos nao amostrados individualmente -- ver seo-snapshot.csv para a amostra detalhada."
https://vediums.com/curso/ioruba-intermediario,level,pt-BR,sitemap.xml,200,https://vediums.com/curso/ioruba-intermediario,0,,,,,,,,,"CONFIRMADO EM PRODUCAO: HTTP 200 sem redirect (--max-redirs 0), verificado em lote em 2026-08-24. Demais campos nao amostrados individualmente -- ver seo-snapshot.csv para a amostra detalhada."
https://vediums.com/en/curso/ioruba-intermediario,level,en,sitemap.xml,200,https://vediums.com/en/curso/ioruba-intermediario,0,,,,,,,,,"CONFIRMADO EM PRODUCAO: HTTP 200 sem redirect (--max-redirs 0), verificado em lote em 2026-08-24. Demais campos nao amostrados individualmente -- ver seo-snapshot.csv para a amostra detalhada."
https://vediums.com/es/curso/ioruba-intermediario,level,es,sitemap.xml,200,https://vediums.com/es/curso/ioruba-intermediario,0,,,,,,,,,"CONFIRMADO EM PRODUCAO: HTTP 200 sem redirect (--max-redirs 0), verificado em lote em 2026-08-24. Demais campos nao amostrados individualmente -- ver seo-snapshot.csv para a amostra detalhada."
https://vediums.com/fr/curso/ioruba-intermediario,level,fr,sitemap.xml,200,https://vediums.com/fr/curso/ioruba-intermediario,0,,,,,,,,,"CONFIRMADO EM PRODUCAO: HTTP 200 sem redirect (--max-redirs 0), verificado em lote em 2026-08-24. Demais campos nao amostrados individualmente -- ver seo-snapshot.csv para a amostra detalhada."
https://vediums.com/de/curso/ioruba-intermediario,level,de,sitemap.xml,200,https://vediums.com/de/curso/ioruba-intermediario,0,,,,,,,,,"CONFIRMADO EM PRODUCAO: HTTP 200 sem redirect (--max-redirs 0), verificado em lote em 2026-08-24. Demais campos nao amostrados individualmente -- ver seo-snapshot.csv para a amostra detalhada."
https://vediums.com/ru/curso/ioruba-intermediario,level,ru,sitemap.xml,200,https://vediums.com/ru/curso/ioruba-intermediario,0,,,,,,,,,"CONFIRMADO EM PRODUCAO: HTTP 200 sem redirect (--max-redirs 0), verificado em lote em 2026-08-24. Demais campos nao amostrados individualmente -- ver seo-snapshot.csv para a amostra detalhada."
https://vediums.com/curso/ioruba-basico,level,pt-BR,sitemap.xml,200,https://vediums.com/curso/ioruba-basico,0,sim,https://vediums.com/curso/ioruba-basico,Iorubá Básico — Curso de Idiomas Online ao Vivo | Vedium,"Para quem quer começar iorubá com base sólida. Aprenda sons, tons, saudações, vocabulário essencial e frases iniciais com responsabilidade cultural.",1 h1(s): Iorubá Básico,"index, follow, max-image-preview:large, max-snippet:-1",7,BreadcrumbList;Course;ListItem;Offer;Organization;Person,"CONFIRMADO EM PRODUCAO (amostra detalhada, verificado em 2026-08-24)."
https://vediums.com/en/curso/ioruba-basico,level,en,sitemap.xml,200,https://vediums.com/en/curso/ioruba-basico,0,,,,,,,,,"CONFIRMADO EM PRODUCAO: HTTP 200 sem redirect (--max-redirs 0), verificado em lote em 2026-08-24. Demais campos nao amostrados individualmente -- ver seo-snapshot.csv para a amostra detalhada."
https://vediums.com/es/curso/ioruba-basico,level,es,sitemap.xml,200,https://vediums.com/es/curso/ioruba-basico,0,,,,,,,,,"CONFIRMADO EM PRODUCAO: HTTP 200 sem redirect (--max-redirs 0), verificado em lote em 2026-08-24. Demais campos nao amostrados individualmente -- ver seo-snapshot.csv para a amostra detalhada."
https://vediums.com/fr/curso/ioruba-basico,level,fr,sitemap.xml,200,https://vediums.com/fr/curso/ioruba-basico,0,,,,,,,,,"CONFIRMADO EM PRODUCAO: HTTP 200 sem redirect (--max-redirs 0), verificado em lote em 2026-08-24. Demais campos nao amostrados individualmente -- ver seo-snapshot.csv para a amostra detalhada."
https://vediums.com/de/curso/ioruba-basico,level,de,sitemap.xml,200,https://vediums.com/de/curso/ioruba-basico,0,,,,,,,,,"CONFIRMADO EM PRODUCAO: HTTP 200 sem redirect (--max-redirs 0), verificado em lote em 2026-08-24. Demais campos nao amostrados individualmente -- ver seo-snapshot.csv para a amostra detalhada."
https://vediums.com/ru/curso/ioruba-basico,level,ru,sitemap.xml,200,https://vediums.com/ru/curso/ioruba-basico,0,,,,,,,,,"CONFIRMADO EM PRODUCAO: HTTP 200 sem redirect (--max-redirs 0), verificado em lote em 2026-08-24. Demais campos nao amostrados individualmente -- ver seo-snapshot.csv para a amostra detalhada."
https://vediums.com/curso/ingles-avancado-c1,level,pt-BR,sitemap.xml,200,https://vediums.com/curso/ingles-avancado-c1,0,,,,,,,,,"CONFIRMADO EM PRODUCAO: HTTP 200 sem redirect (--max-redirs 0), verificado em lote em 2026-08-24. Demais campos nao amostrados individualmente -- ver seo-snapshot.csv para a amostra detalhada."
https://vediums.com/curso/ingles-intermediario-superior-b2,level,pt-BR,sitemap.xml,200,https://vediums.com/curso/ingles-intermediario-superior-b2,0,,,,,,,,,"CONFIRMADO EM PRODUCAO: HTTP 200 sem redirect (--max-redirs 0), verificado em lote em 2026-08-24. Demais campos nao amostrados individualmente -- ver seo-snapshot.csv para a amostra detalhada."
https://vediums.com/curso/ingles-intermediario-b1,level,pt-BR,sitemap.xml,200,https://vediums.com/curso/ingles-intermediario-b1,0,,,,,,,,,"CONFIRMADO EM PRODUCAO: HTTP 200 sem redirect (--max-redirs 0), verificado em lote em 2026-08-24. Demais campos nao amostrados individualmente -- ver seo-snapshot.csv para a amostra detalhada."
https://vediums.com/curso/ingles-pre-intermediario,level,pt-BR,sitemap.xml,200,https://vediums.com/curso/ingles-pre-intermediario,0,,,,,,,,,"CONFIRMADO EM PRODUCAO: HTTP 200 sem redirect (--max-redirs 0), verificado em lote em 2026-08-24. Demais campos nao amostrados individualmente -- ver seo-snapshot.csv para a amostra detalhada."
https://vediums.com/curso/ingles-elementar-a2,level,pt-BR,sitemap.xml,200,https://vediums.com/curso/ingles-elementar-a2,0,,,,,,,,,"CONFIRMADO EM PRODUCAO: HTTP 200 sem redirect (--max-redirs 0), verificado em lote em 2026-08-24. Demais campos nao amostrados individualmente -- ver seo-snapshot.csv para a amostra detalhada."
https://vediums.com/curso/ingles-basico-a1,level,pt-BR,sitemap.xml,200,https://vediums.com/curso/ingles-basico-a1,0,sim,https://vediums.com/curso/ingles-basico-a1,Inglês A1 Iniciante Online ao Vivo | Vedium,"Para quem está começando do zero. Aprenda cumprimentos, vocabulário essencial, frases simples e primeiras conversas em inglês com professor ao vivo.",1 h1(s): Inglês Online ao Vivo A1 – Iniciante,"index, follow, max-image-preview:large, max-snippet:-1",0,BreadcrumbList;Course;ListItem;Offer;Organization;Person,"CONFIRMADO EM PRODUCAO (amostra detalhada, verificado em 2026-08-24)."
https://vediums.com/blog/ingles/curso-de-ingles-com-professor-ao-vivo-o-que-muda-na-evolucao-da-fala,blog-article,pt-BR,sitemap.xml,200,https://vediums.com/blog/ingles/curso-de-ingles-com-professor-ao-vivo-o-que-muda-na-evolucao-da-fala,0,,,,,,,,,"CONFIRMADO EM PRODUCAO: HTTP 200 sem redirect (--max-redirs 0), verificado em lote em 2026-08-24. Demais campos nao amostrados individualmente -- ver seo-snapshot.csv para a amostra detalhada."
https://vediums.com/blog/ingles/aula-de-ingles-online-ao-vivo-como-funciona-e-para-quem-vale-a-pena,blog-article,pt-BR,sitemap.xml,200,https://vediums.com/blog/ingles/aula-de-ingles-online-ao-vivo-como-funciona-e-para-quem-vale-a-pena,0,,,,,,,,,"CONFIRMADO EM PRODUCAO: HTTP 200 sem redirect (--max-redirs 0), verificado em lote em 2026-08-24. Demais campos nao amostrados individualmente -- ver seo-snapshot.csv para a amostra detalhada."
https://vediums.com/blog/comment-choisir-un-cours-de-portugais-bresilien-pour-etrangers,blog-category,pt-BR,sitemap.xml,200,https://vediums.com/blog/comment-choisir-un-cours-de-portugais-bresilien-pour-etrangers,0,,,,,,,,,"CONFIRMADO EM PRODUCAO: HTTP 200 sem redirect (--max-redirs 0), verificado em lote em 2026-08-24. Demais campos nao amostrados individualmente -- ver seo-snapshot.csv para a amostra detalhada."
https://vediums.com/en/blog/brazilian-portuguese/what-to-expect-from-a-structured-portuguese-course-for-foreigners,blog-article,en,sitemap.xml,200,https://vediums.com/en/blog/brazilian-portuguese/what-to-expect-from-a-structured-portuguese-course-for-foreigners,0,,,,,,,,,"CONFIRMADO EM PRODUCAO: HTTP 200 sem redirect (--max-redirs 0), verificado em lote em 2026-08-24. Demais campos nao amostrados individualmente -- ver seo-snapshot.csv para a amostra detalhada."
https://vediums.com/blog/ingles/checklist-para-escolher-sua-primeira-turma-de-ingles-online-ao-vivo,blog-article,pt-BR,sitemap.xml,200,https://vediums.com/blog/ingles/checklist-para-escolher-sua-primeira-turma-de-ingles-online-ao-vivo,0,,,,,,,,,"CONFIRMADO EM PRODUCAO: HTTP 200 sem redirect (--max-redirs 0), verificado em lote em 2026-08-24. Demais campos nao amostrados individualmente -- ver seo-snapshot.csv para a amostra detalhada."
https://vediums.com/blog/ioruba/plano-de-30-dias-para-comecar-ioruba-com-base-solida,blog-article,pt-BR,sitemap.xml,200,https://vediums.com/blog/ioruba/plano-de-30-dias-para-comecar-ioruba-com-base-solida,0,,,,,,,,,"CONFIRMADO EM PRODUCAO: HTTP 200 sem redirect (--max-redirs 0), verificado em lote em 2026-08-24. Demais campos nao amostrados individualmente -- ver seo-snapshot.csv para a amostra detalhada."
https://vediums.com/blog/yoruba-alphabet-guide,blog-category,pt-BR,sitemap.xml,200,https://vediums.com/blog/yoruba-alphabet-guide,0,,,,,,,,,"CONFIRMADO EM PRODUCAO: HTTP 200 sem redirect (--max-redirs 0), verificado em lote em 2026-08-24. Demais campos nao amostrados individualmente -- ver seo-snapshot.csv para a amostra detalhada."
https://vediums.com/blog/yoruba-greetings,blog-category,pt-BR,sitemap.xml,200,https://vediums.com/blog/yoruba-greetings,0,,,,,,,,,"CONFIRMADO EM PRODUCAO: HTTP 200 sem redirect (--max-redirs 0), verificado em lote em 2026-08-24. Demais campos nao amostrados individualmente -- ver seo-snapshot.csv para a amostra detalhada."
https://vediums.com/blog/yoruba-numbers-1-to-20,blog-category,pt-BR,sitemap.xml,200,https://vediums.com/blog/yoruba-numbers-1-to-20,0,,,,,,,,,"CONFIRMADO EM PRODUCAO: HTTP 200 sem redirect (--max-redirs 0), verificado em lote em 2026-08-24. Demais campos nao amostrados individualmente -- ver seo-snapshot.csv para a amostra detalhada."
https://vediums.com/blog/yoruba-language-and-culture,blog-category,pt-BR,sitemap.xml,200,https://vediums.com/blog/yoruba-language-and-culture,0,,,,,,,,,"CONFIRMADO EM PRODUCAO: HTTP 200 sem redirect (--max-redirs 0), verificado em lote em 2026-08-24. Demais campos nao amostrados individualmente -- ver seo-snapshot.csv para a amostra detalhada."
https://vediums.com/en/blog/brazilian-portuguese/portuguese-for-brazil-a-realistic-study-path-from-a1-to-b1,blog-article,en,sitemap.xml,200,https://vediums.com/en/blog/brazilian-portuguese/portuguese-for-brazil-a-realistic-study-path-from-a1-to-b1,0,,,,,,,,,"CONFIRMADO EM PRODUCAO: HTTP 200 sem redirect (--max-redirs 0), verificado em lote em 2026-08-24. Demais campos nao amostrados individualmente -- ver seo-snapshot.csv para a amostra detalhada."
https://vediums.com/blog/alfabeto-ioruba,blog-category,pt-BR,sitemap.xml,200,https://vediums.com/blog/alfabeto-ioruba,0,,,,,,,,,"CONFIRMADO EM PRODUCAO: HTTP 200 sem redirect (--max-redirs 0), verificado em lote em 2026-08-24. Demais campos nao amostrados individualmente -- ver seo-snapshot.csv para a amostra detalhada."
https://vediums.com/blog/saudacoes-em-ioruba,blog-category,pt-BR,sitemap.xml,200,https://vediums.com/blog/saudacoes-em-ioruba,0,,,,,,,,,"CONFIRMADO EM PRODUCAO: HTTP 200 sem redirect (--max-redirs 0), verificado em lote em 2026-08-24. Demais campos nao amostrados individualmente -- ver seo-snapshot.csv para a amostra detalhada."
https://vediums.com/blog/numeros-em-ioruba,blog-category,pt-BR,sitemap.xml,200,https://vediums.com/blog/numeros-em-ioruba,0,,,,,,,,,"CONFIRMADO EM PRODUCAO: HTTP 200 sem redirect (--max-redirs 0), verificado em lote em 2026-08-24. Demais campos nao amostrados individualmente -- ver seo-snapshot.csv para a amostra detalhada."
https://vediums.com/en/blog/brazilian-portuguese/how-to-ask-better-questions-in-brazilian-portuguese,blog-article,en,sitemap.xml,200,https://vediums.com/en/blog/brazilian-portuguese/how-to-ask-better-questions-in-brazilian-portuguese,0,,,,,,,,,"CONFIRMADO EM PRODUCAO: HTTP 200 sem redirect (--max-redirs 0), verificado em lote em 2026-08-24. Demais campos nao amostrados individualmente -- ver seo-snapshot.csv para a amostra detalhada."
https://vediums.com/blog/ingles/como-a-pratica-constante-supera-maratonas-de-estudo-em-ingles,blog-article,pt-BR,sitemap.xml,200,https://vediums.com/blog/ingles/como-a-pratica-constante-supera-maratonas-de-estudo-em-ingles,0,,,,,,,,,"CONFIRMADO EM PRODUCAO: HTTP 200 sem redirect (--max-redirs 0), verificado em lote em 2026-08-24. Demais campos nao amostrados individualmente -- ver seo-snapshot.csv para a amostra detalhada."
https://vediums.com/blog/ioruba/como-avaliar-se-um-conteudo-de-ioruba-e-serio-e-responsavel,blog-article,pt-BR,sitemap.xml,200,https://vediums.com/blog/ioruba/como-avaliar-se-um-conteudo-de-ioruba-e-serio-e-responsavel,0,,,,,,,,,"CONFIRMADO EM PRODUCAO: HTTP 200 sem redirect (--max-redirs 0), verificado em lote em 2026-08-24. Demais campos nao amostrados individualmente -- ver seo-snapshot.csv para a amostra detalhada."
https://vediums.com/blog/ple-zh-078,blog-category,pt-BR,sitemap.xml,200,https://vediums.com/blog/ple-zh-078,0,,,,,,,,,"CONFIRMADO EM PRODUCAO: HTTP 200 sem redirect (--max-redirs 0), verificado em lote em 2026-08-24. Demais campos nao amostrados individualmente -- ver seo-snapshot.csv para a amostra detalhada."
https://vediums.com/en/blog/brazilian-portuguese/portuguese-for-airport-arrival-and-first-hotel-check-in,blog-article,en,sitemap.xml,200,https://vediums.com/en/blog/brazilian-portuguese/portuguese-for-airport-arrival-and-first-hotel-check-in,0,,,,,,,,,"CONFIRMADO EM PRODUCAO: HTTP 200 sem redirect (--max-redirs 0), verificado em lote em 2026-08-24. Demais campos nao amostrados individualmente -- ver seo-snapshot.csv para a amostra detalhada."
https://vediums.com/blog/ingles/ingles-para-quem-quer-estudar-fora-vocabulario-academico-inicial,blog-article,pt-BR,sitemap.xml,200,https://vediums.com/blog/ingles/ingles-para-quem-quer-estudar-fora-vocabulario-academico-inicial,0,,,,,,,,,"CONFIRMADO EM PRODUCAO: HTTP 200 sem redirect (--max-redirs 0), verificado em lote em 2026-08-24. Demais campos nao amostrados individualmente -- ver seo-snapshot.csv para a amostra detalhada."
https://vediums.com/blog/ioruba/vocabulario-de-relacoes-sociais-em-ioruba-comunidade-e-respeito,blog-article,pt-BR,sitemap.xml,200,https://vediums.com/blog/ioruba/vocabulario-de-relacoes-sociais-em-ioruba-comunidade-e-respeito,0,,,,,,,,,"CONFIRMADO EM PRODUCAO: HTTP 200 sem redirect (--max-redirs 0), verificado em lote em 2026-08-24. Demais campos nao amostrados individualmente -- ver seo-snapshot.csv para a amostra detalhada."
https://vediums.com/blog/ple-ru-077,blog-category,pt-BR,sitemap.xml,200,https://vediums.com/blog/ple-ru-077,0,,,,,,,,,"CONFIRMADO EM PRODUCAO: HTTP 200 sem redirect (--max-redirs 0), verificado em lote em 2026-08-24. Demais campos nao amostrados individualmente -- ver seo-snapshot.csv para a amostra detalhada."
https://vediums.com/en/blog/brazilian-portuguese/how-to-use-live-classes-to-gain-speaking-confidence,blog-article,en,sitemap.xml,200,https://vediums.com/en/blog/brazilian-portuguese/how-to-use-live-classes-to-gain-speaking-confidence,0,,,,,,,,,"CONFIRMADO EM PRODUCAO: HTTP 200 sem redirect (--max-redirs 0), verificado em lote em 2026-08-24. Demais campos nao amostrados individualmente -- ver seo-snapshot.csv para a amostra detalhada."
https://vediums.com/blog/ingles/como-combinar-leitura-escuta-fala-e-escrita-no-mesmo-plano,blog-article,pt-BR,sitemap.xml,200,https://vediums.com/blog/ingles/como-combinar-leitura-escuta-fala-e-escrita-no-mesmo-plano,0,,,,,,,,,"CONFIRMADO EM PRODUCAO: HTTP 200 sem redirect (--max-redirs 0), verificado em lote em 2026-08-24. Demais campos nao amostrados individualmente -- ver seo-snapshot.csv para a amostra detalhada."
https://vediums.com/blog/ioruba/como-usar-perguntas-culturais-para-aprofundar-a-aula,blog-article,pt-BR,sitemap.xml,200,https://vediums.com/blog/ioruba/como-usar-perguntas-culturais-para-aprofundar-a-aula,0,,,,,,,,,"CONFIRMADO EM PRODUCAO: HTTP 200 sem redirect (--max-redirs 0), verificado em lote em 2026-08-24. Demais campos nao amostrados individualmente -- ver seo-snapshot.csv para a amostra detalhada."
https://vediums.com/es/blog/portugues-brasileno/portugues-brasileno-para-llegar-a-brasil-preparado,blog-article,es,sitemap.xml,200,https://vediums.com/es/blog/portugues-brasileno/portugues-brasileno-para-llegar-a-brasil-preparado,0,,,,,,,,,"CONFIRMADO EM PRODUCAO: HTTP 200 sem redirect (--max-redirs 0), verificado em lote em 2026-08-24. Demais campos nao amostrados individualmente -- ver seo-snapshot.csv para a amostra detalhada."
https://vediums.com/en/blog/brazilian-portuguese/brazilian-portuguese-for-cultural-adaptation-in-the-first-90-days,blog-article,en,sitemap.xml,200,https://vediums.com/en/blog/brazilian-portuguese/brazilian-portuguese-for-cultural-adaptation-in-the-first-90-days,0,,,,,,,,,"CONFIRMADO EM PRODUCAO: HTTP 200 sem redirect (--max-redirs 0), verificado em lote em 2026-08-24. Demais campos nao amostrados individualmente -- ver seo-snapshot.csv para a amostra detalhada."
https://vediums.com/blog/ingles/como-escrever-mensagens-curtas-e-claras-em-ingles-corporativo,blog-article,pt-BR,sitemap.xml,200,https://vediums.com/blog/ingles/como-escrever-mensagens-curtas-e-claras-em-ingles-corporativo,0,,,,,,,,,"CONFIRMADO EM PRODUCAO: HTTP 200 sem redirect (--max-redirs 0), verificado em lote em 2026-08-24. Demais campos nao amostrados individualmente -- ver seo-snapshot.csv para a amostra detalhada."
https://vediums.com/blog/ioruba/o-papel-do-professor-qualificado-no-ensino-de-ioruba,blog-article,pt-BR,sitemap.xml,200,https://vediums.com/blog/ioruba/o-papel-do-professor-qualificado-no-ensino-de-ioruba,0,,,,,,,,,"CONFIRMADO EM PRODUCAO: HTTP 200 sem redirect (--max-redirs 0), verificado em lote em 2026-08-24. Demais campos nao amostrados individualmente -- ver seo-snapshot.csv para a amostra detalhada."
https://vediums.com/blog/brasilianisches-portugiesisch-fur-fuhrungskrafte-und-manager,blog-category,pt-BR,sitemap.xml,200,https://vediums.com/blog/brasilianisches-portugiesisch-fur-fuhrungskrafte-und-manager,0,,,,,,,,,"CONFIRMADO EM PRODUCAO: HTTP 200 sem redirect (--max-redirs 0), verificado em lote em 2026-08-24. Demais campos nao amostrados individualmente -- ver seo-snapshot.csv para a amostra detalhada."
https://vediums.com/blog/aprender-ioruba-lingua-e-cultura,blog-category,pt-BR,sitemap.xml,200,https://vediums.com/blog/aprender-ioruba-lingua-e-cultura,0,,,,,,,,,"CONFIRMADO EM PRODUCAO: HTTP 200 sem redirect (--max-redirs 0), verificado em lote em 2026-08-24. Demais campos nao amostrados individualmente -- ver seo-snapshot.csv para a amostra detalhada."
https://vediums.com/en/blog/brazilian-portuguese/how-to-sound-natural-when-saying-yes-no-and-maybe-in-portuguese,blog-article,en,sitemap.xml,200,https://vediums.com/en/blog/brazilian-portuguese/how-to-sound-natural-when-saying-yes-no-and-maybe-in-portuguese,0,,,,,,,,,"CONFIRMADO EM PRODUCAO: HTTP 200 sem redirect (--max-redirs 0), verificado em lote em 2026-08-24. Demais campos nao amostrados individualmente -- ver seo-snapshot.csv para a amostra detalhada."
https://vediums.com/blog/ingles/ingles-para-conversas-por-telefone-e-chamadas-de-video,blog-article,pt-BR,sitemap.xml,200,https://vediums.com/blog/ingles/ingles-para-conversas-por-telefone-e-chamadas-de-video,0,,,,,,,,,"CONFIRMADO EM PRODUCAO: HTTP 200 sem redirect (--max-redirs 0), verificado em lote em 2026-08-24. Demais campos nao amostrados individualmente -- ver seo-snapshot.csv para a amostra detalhada."
https://vediums.com/blog/ioruba/como-manter-constancia-no-estudo-de-uma-lingua-de-heranca,blog-article,pt-BR,sitemap.xml,200,https://vediums.com/blog/ioruba/como-manter-constancia-no-estudo-de-uma-lingua-de-heranca,0,,,,,,,,,"CONFIRMADO EM PRODUCAO: HTTP 200 sem redirect (--max-redirs 0), verificado em lote em 2026-08-24. Demais campos nao amostrados individualmente -- ver seo-snapshot.csv para a amostra detalhada."
https://vediums.com/blog/portugais-du-bresil-pour-familles-qui-s-installent-au-bresil,blog-category,pt-BR,sitemap.xml,200,https://vediums.com/blog/portugais-du-bresil-pour-familles-qui-s-installent-au-bresil,0,,,,,,,,,"CONFIRMADO EM PRODUCAO: HTTP 200 sem redirect (--max-redirs 0), verificado em lote em 2026-08-24. Demais campos nao amostrados individualmente -- ver seo-snapshot.csv para a amostra detalhada."
https://vediums.com/en/blog/brazilian-portuguese/portuguese-for-everyday-bureaucracy-in-brazil,blog-article,en,sitemap.xml,200,https://vediums.com/en/blog/brazilian-portuguese/portuguese-for-everyday-bureaucracy-in-brazil,0,,,,,,,,,"CONFIRMADO EM PRODUCAO: HTTP 200 sem redirect (--max-redirs 0), verificado em lote em 2026-08-24. Demais campos nao amostrados individualmente -- ver seo-snapshot.csv para a amostra detalhada."
https://vediums.com/blog/ingles/como-evitar-a-estagnacao-no-nivel-intermediario-de-ingles,blog-article,pt-BR,sitemap.xml,200,https://vediums.com/blog/ingles/como-evitar-a-estagnacao-no-nivel-intermediario-de-ingles,0,,,,,,,,,"CONFIRMADO EM PRODUCAO: HTTP 200 sem redirect (--max-redirs 0), verificado em lote em 2026-08-24. Demais campos nao amostrados individualmente -- ver seo-snapshot.csv para a amostra detalhada."
https://vediums.com/en/blog/brazilian-portuguese/how-to-learn-portuguese-for-brazil-when-you-already-speak-another-romance-language,blog-article,en,sitemap.xml,200,https://vediums.com/en/blog/brazilian-portuguese/how-to-learn-portuguese-for-brazil-when-you-already-speak-another-romance-language,0,,,,,,,,,"CONFIRMADO EM PRODUCAO: HTTP 200 sem redirect (--max-redirs 0), verificado em lote em 2026-08-24. Demais campos nao amostrados individualmente -- ver seo-snapshot.csv para a amostra detalhada."
https://vediums.com/blog/hebraico/como-funciona-a-alfabetizacao-em-hebraico-do-zero,blog-article,pt-BR,sitemap.xml,200,https://vediums.com/blog/hebraico/como-funciona-a-alfabetizacao-em-hebraico-do-zero,0,,,,,,,,,"CONFIRMADO EM PRODUCAO: HTTP 200 sem redirect (--max-redirs 0), verificado em lote em 2026-08-24. Demais campos nao amostrados individualmente -- ver seo-snapshot.csv para a amostra detalhada."
https://vediums.com/en/blog/brazilian-portuguese/how-to-learn-brazilian-portuguese-without-relying-only-on-apps,blog-article,en,sitemap.xml,200,https://vediums.com/en/blog/brazilian-portuguese/how-to-learn-brazilian-portuguese-without-relying-only-on-apps,0,,,,,,,,,"CONFIRMADO EM PRODUCAO: HTTP 200 sem redirect (--max-redirs 0), verificado em lote em 2026-08-24. Demais campos nao amostrados individualmente -- ver seo-snapshot.csv para a amostra detalhada."
https://vediums.com/blog/ingles/ingles-para-apresentacao-profissional-em-dois-minutos,blog-article,pt-BR,sitemap.xml,200,https://vediums.com/blog/ingles/ingles-para-apresentacao-profissional-em-dois-minutos,0,,,,,,,,,"CONFIRMADO EM PRODUCAO: HTTP 200 sem redirect (--max-redirs 0), verificado em lote em 2026-08-24. Demais campos nao amostrados individualmente -- ver seo-snapshot.csv para a amostra detalhada."
https://vediums.com/blog/ioruba/palavras-iorubas-presentes-na-cultura-afro-brasileira,blog-article,pt-BR,sitemap.xml,200,https://vediums.com/blog/ioruba/palavras-iorubas-presentes-na-cultura-afro-brasileira,0,,,,,,,,,"CONFIRMADO EM PRODUCAO: HTTP 200 sem redirect (--max-redirs 0), verificado em lote em 2026-08-24. Demais campos nao amostrados individualmente -- ver seo-snapshot.csv para a amostra detalhada."
https://vediums.com/es/blog/portugues-brasileno/portugues-brasileno-para-trabajar-y-vivir-en-brasil,blog-article,es,sitemap.xml,200,https://vediums.com/es/blog/portugues-brasileno/portugues-brasileno-para-trabajar-y-vivir-en-brasil,0,,,,,,,,,"CONFIRMADO EM PRODUCAO: HTTP 200 sem redirect (--max-redirs 0), verificado em lote em 2026-08-24. Demais campos nao amostrados individualmente -- ver seo-snapshot.csv para a amostra detalhada."
https://vediums.com/en/blog/brazilian-portuguese/portuguese-for-remote-workers-living-in-brazil,blog-article,en,sitemap.xml,200,https://vediums.com/en/blog/brazilian-portuguese/portuguese-for-remote-workers-living-in-brazil,0,,,,,,,,,"CONFIRMADO EM PRODUCAO: HTTP 200 sem redirect (--max-redirs 0), verificado em lote em 2026-08-24. Demais campos nao amostrados individualmente -- ver seo-snapshot.csv para a amostra detalhada."
https://vediums.com/blog/ingles/quando-usar-do-does-e-did-sem-confundir-na-conversa,blog-article,pt-BR,sitemap.xml,200,https://vediums.com/blog/ingles/quando-usar-do-does-e-did-sem-confundir-na-conversa,0,,,,,,,,,"CONFIRMADO EM PRODUCAO: HTTP 200 sem redirect (--max-redirs 0), verificado em lote em 2026-08-24. Demais campos nao amostrados individualmente -- ver seo-snapshot.csv para a amostra detalhada."
https://vediums.com/blog/ioruba/como-perguntar-nome-origem-e-bem-estar-em-ioruba,blog-article,pt-BR,sitemap.xml,200,https://vediums.com/blog/ioruba/como-perguntar-nome-origem-e-bem-estar-em-ioruba,0,,,,,,,,,"CONFIRMADO EM PRODUCAO: HTTP 200 sem redirect (--max-redirs 0), verificado em lote em 2026-08-24. Demais campos nao amostrados individualmente -- ver seo-snapshot.csv para a amostra detalhada."
https://vediums.com/blog/brasilianisches-portugiesisch-fur-beruf-und-alltag-in-brasilien,blog-category,pt-BR,sitemap.xml,200,https://vediums.com/blog/brasilianisches-portugiesisch-fur-beruf-und-alltag-in-brasilien,0,,,,,,,,,"CONFIRMADO EM PRODUCAO: HTTP 200 sem redirect (--max-redirs 0), verificado em lote em 2026-08-24. Demais campos nao amostrados individualmente -- ver seo-snapshot.csv para a amostra detalhada."
https://vediums.com/en/blog/brazilian-portuguese/how-to-handle-small-talk-with-brazilians-in-portuguese,blog-article,en,sitemap.xml,200,https://vediums.com/en/blog/brazilian-portuguese/how-to-handle-small-talk-with-brazilians-in-portuguese,0,,,,,,,,,"CONFIRMADO EM PRODUCAO: HTTP 200 sem redirect (--max-redirs 0), verificado em lote em 2026-08-24. Demais campos nao amostrados individualmente -- ver seo-snapshot.csv para a amostra detalhada."
https://vediums.com/blog/ingles/como-estudar-phrasal-verbs-sem-decorar-listas-infinitas,blog-article,pt-BR,sitemap.xml,200,https://vediums.com/blog/ingles/como-estudar-phrasal-verbs-sem-decorar-listas-infinitas,0,,,,,,,,,"CONFIRMADO EM PRODUCAO: HTTP 200 sem redirect (--max-redirs 0), verificado em lote em 2026-08-24. Demais campos nao amostrados individualmente -- ver seo-snapshot.csv para a amostra detalhada."
https://vediums.com/blog/ioruba/dias-da-semana-e-expressoes-de-tempo-em-ioruba,blog-article,pt-BR,sitemap.xml,200,https://vediums.com/blog/ioruba/dias-da-semana-e-expressoes-de-tempo-em-ioruba,0,,,,,,,,,"CONFIRMADO EM PRODUCAO: HTTP 200 sem redirect (--max-redirs 0), verificado em lote em 2026-08-24. Demais campos nao amostrados individualmente -- ver seo-snapshot.csv para a amostra detalhada."
https://vediums.com/blog/espanhol/falsos-cognatos-em-espanhol-que-mais-confundem-brasileiros,blog-article,pt-BR,sitemap.xml,200,https://vediums.com/blog/espanhol/falsos-cognatos-em-espanhol-que-mais-confundem-brasileiros,0,,,,,,,,,"CONFIRMADO EM PRODUCAO: HTTP 200 sem redirect (--max-redirs 0), verificado em lote em 2026-08-24. Demais campos nao amostrados individualmente -- ver seo-snapshot.csv para a amostra detalhada."
https://vediums.com/en/blog/brazilian-portuguese/portuguese-for-ride-apps-taxis-and-public-transportation-in-brazil,blog-article,en,sitemap.xml,200,https://vediums.com/en/blog/brazilian-portuguese/portuguese-for-ride-apps-taxis-and-public-transportation-in-brazil,0,,,,,,,,,"CONFIRMADO EM PRODUCAO: HTTP 200 sem redirect (--max-redirs 0), verificado em lote em 2026-08-24. Demais campos nao amostrados individualmente -- ver seo-snapshot.csv para a amostra detalhada."
https://vediums.com/blog/ingles/ingles-para-atendimento-ao-cliente-expressoes-educadas-e-naturais,blog-article,pt-BR,sitemap.xml,200,https://vediums.com/blog/ingles/ingles-para-atendimento-ao-cliente-expressoes-educadas-e-naturais,0,,,,,,,,,"CONFIRMADO EM PRODUCAO: HTTP 200 sem redirect (--max-redirs 0), verificado em lote em 2026-08-24. Demais campos nao amostrados individualmente -- ver seo-snapshot.csv para a amostra detalhada."
https://vediums.com/blog/ioruba/numeros-em-ioruba-logica-uso-e-pratica-inicial,blog-article,pt-BR,sitemap.xml,200,https://vediums.com/blog/ioruba/numeros-em-ioruba-logica-uso-e-pratica-inicial,0,,,,,,,,,"CONFIRMADO EM PRODUCAO: HTTP 200 sem redirect (--max-redirs 0), verificado em lote em 2026-08-24. Demais campos nao amostrados individualmente -- ver seo-snapshot.csv para a amostra detalhada."
https://vediums.com/en/blog/brazilian-portuguese/brazilian-portuguese-for-international-students-choosing-a-city-in-brazil,blog-article,en,sitemap.xml,200,https://vediums.com/en/blog/brazilian-portuguese/brazilian-portuguese-for-international-students-choosing-a-city-in-brazil,0,,,,,,,,,"CONFIRMADO EM PRODUCAO: HTTP 200 sem redirect (--max-redirs 0), verificado em lote em 2026-08-24. Demais campos nao amostrados individualmente -- ver seo-snapshot.csv para a amostra detalhada."
https://vediums.com/en/blog/brazilian-portuguese/how-to-order-food-in-brazil-with-confidence,blog-article,en,sitemap.xml,200,https://vediums.com/en/blog/brazilian-portuguese/how-to-order-food-in-brazil-with-confidence,0,,,,,,,,,"CONFIRMADO EM PRODUCAO: HTTP 200 sem redirect (--max-redirs 0), verificado em lote em 2026-08-24. Demais campos nao amostrados individualmente -- ver seo-snapshot.csv para a amostra detalhada."
https://vediums.com/blog/ingles/como-usar-shadowing-sem-copiar-sotaque-de-forma-artificial,blog-article,pt-BR,sitemap.xml,200,https://vediums.com/blog/ingles/como-usar-shadowing-sem-copiar-sotaque-de-forma-artificial,0,,,,,,,,,"CONFIRMADO EM PRODUCAO: HTTP 200 sem redirect (--max-redirs 0), verificado em lote em 2026-08-24. Demais campos nao amostrados individualmente -- ver seo-snapshot.csv para a amostra detalhada."
https://vediums.com/blog/ioruba/vocabulario-de-familia-em-ioruba-e-seu-valor-cultural,blog-article,pt-BR,sitemap.xml,200,https://vediums.com/blog/ioruba/vocabulario-de-familia-em-ioruba-e-seu-valor-cultural,0,,,,,,,,,"CONFIRMADO EM PRODUCAO: HTTP 200 sem redirect (--max-redirs 0), verificado em lote em 2026-08-24. Demais campos nao amostrados individualmente -- ver seo-snapshot.csv para a amostra detalhada."
https://vediums.com/blog/ple-zh-012,blog-category,pt-BR,sitemap.xml,200,https://vediums.com/blog/ple-zh-012,0,,,,,,,,,"CONFIRMADO EM PRODUCAO: HTTP 200 sem redirect (--max-redirs 0), verificado em lote em 2026-08-24. Demais campos nao amostrados individualmente -- ver seo-snapshot.csv para a amostra detalhada."
https://vediums.com/en/blog/brazilian-portuguese/brazilian-portuguese-pronunciation-sounds-that-confuse-english-speakers,blog-article,en,sitemap.xml,200,https://vediums.com/en/blog/brazilian-portuguese/brazilian-portuguese-pronunciation-sounds-that-confuse-english-speakers,0,,,,,,,,,"CONFIRMADO EM PRODUCAO: HTTP 200 sem redirect (--max-redirs 0), verificado em lote em 2026-08-24. Demais campos nao amostrados individualmente -- ver seo-snapshot.csv para a amostra detalhada."
https://vediums.com/blog/ingles/por-que-brasileiros-entendem-ingles-escrito-mas-travam-na-fala,blog-article,pt-BR,sitemap.xml,200,https://vediums.com/blog/ingles/por-que-brasileiros-entendem-ingles-escrito-mas-travam-na-fala,0,,,,,,,,,"CONFIRMADO EM PRODUCAO: HTTP 200 sem redirect (--max-redirs 0), verificado em lote em 2026-08-24. Demais campos nao amostrados individualmente -- ver seo-snapshot.csv para a amostra detalhada."
https://vediums.com/blog/hebraico/hebraico-moderno-x-hebraico-biblico-entenda-a-diferenca,blog-article,pt-BR,sitemap.xml,200,https://vediums.com/blog/hebraico/hebraico-moderno-x-hebraico-biblico-entenda-a-diferenca,0,,,,,,,,,"CONFIRMADO EM PRODUCAO: HTTP 200 sem redirect (--max-redirs 0), verificado em lote em 2026-08-24. Demais campos nao amostrados individualmente -- ver seo-snapshot.csv para a amostra detalhada."
https://vediums.com/blog/ple-ru-011,blog-category,pt-BR,sitemap.xml,200,https://vediums.com/blog/ple-ru-011,0,,,,,,,,,"CONFIRMADO EM PRODUCAO: HTTP 200 sem redirect (--max-redirs 0), verificado em lote em 2026-08-24. Demais campos nao amostrados individualmente -- ver seo-snapshot.csv para a amostra detalhada."
https://vediums.com/en/blog/brazilian-portuguese/how-to-introduce-yourself-professionally-in-brazilian-portuguese,blog-article,en,sitemap.xml,200,https://vediums.com/en/blog/brazilian-portuguese/how-to-introduce-yourself-professionally-in-brazilian-portuguese,0,,,,,,,,,"CONFIRMADO EM PRODUCAO: HTTP 200 sem redirect (--max-redirs 0), verificado em lote em 2026-08-24. Demais campos nao amostrados individualmente -- ver seo-snapshot.csv para a amostra detalhada."
https://vediums.com/blog/ingles/ingles-para-viagem-vocabulario-essencial-para-aeroporto-e-hotel,blog-article,pt-BR,sitemap.xml,200,https://vediums.com/blog/ingles/ingles-para-viagem-vocabulario-essencial-para-aeroporto-e-hotel,0,,,,,,,,,"CONFIRMADO EM PRODUCAO: HTTP 200 sem redirect (--max-redirs 0), verificado em lote em 2026-08-24. Demais campos nao amostrados individualmente -- ver seo-snapshot.csv para a amostra detalhada."
https://vediums.com/blog/ioruba/erros-comuns-de-pronuncia-que-alteram-palavras-em-ioruba,blog-article,pt-BR,sitemap.xml,200,https://vediums.com/blog/ioruba/erros-comuns-de-pronuncia-que-alteram-palavras-em-ioruba,0,,,,,,,,,"CONFIRMADO EM PRODUCAO: HTTP 200 sem redirect (--max-redirs 0), verificado em lote em 2026-08-24. Demais campos nao amostrados individualmente -- ver seo-snapshot.csv para a amostra detalhada."
https://vediums.com/es/blog/portugues-brasileno/aprender-portugues-de-brasil-con-clases-en-vivo-y-practica-real,blog-article,es,sitemap.xml,200,https://vediums.com/es/blog/portugues-brasileno/aprender-portugues-de-brasil-con-clases-en-vivo-y-practica-real,0,,,,,,,,,"CONFIRMADO EM PRODUCAO: HTTP 200 sem redirect (--max-redirs 0), verificado em lote em 2026-08-24. Demais campos nao amostrados individualmente -- ver seo-snapshot.csv para a amostra detalhada."
https://vediums.com/en/blog/brazilian-portuguese/portuguese-for-work-meetings-in-brazil-first-phrases-to-master,blog-article,en,sitemap.xml,200,https://vediums.com/en/blog/brazilian-portuguese/portuguese-for-work-meetings-in-brazil-first-phrases-to-master,0,,,,,,,,,"CONFIRMADO EM PRODUCAO: HTTP 200 sem redirect (--max-redirs 0), verificado em lote em 2026-08-24. Demais campos nao amostrados individualmente -- ver seo-snapshot.csv para a amostra detalhada."
https://vediums.com/blog/ingles/como-sair-do-verbo-to-be-e-comecar-a-formar-frases-uteis,blog-article,pt-BR,sitemap.xml,200,https://vediums.com/blog/ingles/como-sair-do-verbo-to-be-e-comecar-a-formar-frases-uteis,0,,,,,,,,,"CONFIRMADO EM PRODUCAO: HTTP 200 sem redirect (--max-redirs 0), verificado em lote em 2026-08-24. Demais campos nao amostrados individualmente -- ver seo-snapshot.csv para a amostra detalhada."
https://vediums.com/blog/portugiesisch-fur-brasilien-mit-live-unterricht-lernen,blog-category,pt-BR,sitemap.xml,200,https://vediums.com/blog/portugiesisch-fur-brasilien-mit-live-unterricht-lernen,0,,,,,,,,,"CONFIRMADO EM PRODUCAO: HTTP 200 sem redirect (--max-redirs 0), verificado em lote em 2026-08-24. Demais campos nao amostrados individualmente -- ver seo-snapshot.csv para a amostra detalhada."
https://vediums.com/en/blog/brazilian-portuguese/how-to-understand-brazilian-addresses-neighborhoods-and-directions,blog-article,en,sitemap.xml,200,https://vediums.com/en/blog/brazilian-portuguese/how-to-understand-brazilian-addresses-neighborhoods-and-directions,0,,,,,,,,,"CONFIRMADO EM PRODUCAO: HTTP 200 sem redirect (--max-redirs 0), verificado em lote em 2026-08-24. Demais campos nao amostrados individualmente -- ver seo-snapshot.csv para a amostra detalhada."
https://vediums.com/blog/espanhol/por-que-brasileiro-entende-espanhol-mas-trava-para-falar,blog-article,pt-BR,sitemap.xml,200,https://vediums.com/blog/espanhol/por-que-brasileiro-entende-espanhol-mas-trava-para-falar,0,,,,,,,,,"CONFIRMADO EM PRODUCAO: HTTP 200 sem redirect (--max-redirs 0), verificado em lote em 2026-08-24. Demais campos nao amostrados individualmente -- ver seo-snapshot.csv para a amostra detalhada."
https://vediums.com/blog/ioruba/como-ouvir-cantigas-em-ioruba-com-mais-atencao-ao-significado,blog-article,pt-BR,sitemap.xml,200,https://vediums.com/blog/ioruba/como-ouvir-cantigas-em-ioruba-com-mais-atencao-ao-significado,0,,,,,,,,,"CONFIRMADO EM PRODUCAO: HTTP 200 sem redirect (--max-redirs 0), verificado em lote em 2026-08-24. Demais campos nao amostrados individualmente -- ver seo-snapshot.csv para a amostra detalhada."
https://vediums.com/blog/apprendre-le-portugais-du-bresil-avec-des-cours-en-direct,blog-category,pt-BR,sitemap.xml,200,https://vediums.com/blog/apprendre-le-portugais-du-bresil-avec-des-cours-en-direct,0,,,,,,,,,"CONFIRMADO EM PRODUCAO: HTTP 200 sem redirect (--max-redirs 0), verificado em lote em 2026-08-24. Demais campos nao amostrados individualmente -- ver seo-snapshot.csv para a amostra detalhada."
https://vediums.com/en/blog/brazilian-portuguese/brazilian-portuguese-for-doctors-clinics-and-emergencies,blog-article,en,sitemap.xml,200,https://vediums.com/en/blog/brazilian-portuguese/brazilian-portuguese-for-doctors-clinics-and-emergencies,0,,,,,,,,,"CONFIRMADO EM PRODUCAO: HTTP 200 sem redirect (--max-redirs 0), verificado em lote em 2026-08-24. Demais campos nao amostrados individualmente -- ver seo-snapshot.csv para a amostra detalhada."
https://vediums.com/blog/ingles/ingles-para-reunioes-frases-para-participar-sem-travar,blog-article,pt-BR,sitemap.xml,200,https://vediums.com/blog/ingles/ingles-para-reunioes-frases-para-participar-sem-travar,0,,,,,,,,,"CONFIRMADO EM PRODUCAO: HTTP 200 sem redirect (--max-redirs 0), verificado em lote em 2026-08-24. Demais campos nao amostrados individualmente -- ver seo-snapshot.csv para a amostra detalhada."
https://vediums.com/blog/ioruba/o-papel-da-oralidade-no-aprendizado-do-ioruba,blog-article,pt-BR,sitemap.xml,200,https://vediums.com/blog/ioruba/o-papel-da-oralidade-no-aprendizado-do-ioruba,0,,,,,,,,,"CONFIRMADO EM PRODUCAO: HTTP 200 sem redirect (--max-redirs 0), verificado em lote em 2026-08-24. Demais campos nao amostrados individualmente -- ver seo-snapshot.csv para a amostra detalhada."
https://vediums.com/en/blog/brazilian-portuguese/learn-portuguese-for-brazil-through-cultural-situations-not-isolated-grammar,blog-article,en,sitemap.xml,200,https://vediums.com/en/blog/brazilian-portuguese/learn-portuguese-for-brazil-through-cultural-situations-not-isolated-grammar,0,,,,,,,,,"CONFIRMADO EM PRODUCAO: HTTP 200 sem redirect (--max-redirs 0), verificado em lote em 2026-08-24. Demais campos nao amostrados individualmente -- ver seo-snapshot.csv para a amostra detalhada."
https://vediums.com/en/blog/brazilian-portuguese/portuguese-for-opening-a-bank-account-in-brazil,blog-article,en,sitemap.xml,200,https://vediums.com/en/blog/brazilian-portuguese/portuguese-for-opening-a-bank-account-in-brazil,0,,,,,,,,,"CONFIRMADO EM PRODUCAO: HTTP 200 sem redirect (--max-redirs 0), verificado em lote em 2026-08-24. Demais campos nao amostrados individualmente -- ver seo-snapshot.csv para a amostra detalhada."
https://vediums.com/blog/ingles/como-melhorar-o-listening-usando-situacoes-reais-do-trabalho,blog-article,pt-BR,sitemap.xml,200,https://vediums.com/blog/ingles/como-melhorar-o-listening-usando-situacoes-reais-do-trabalho,0,,,,,,,,,"CONFIRMADO EM PRODUCAO: HTTP 200 sem redirect (--max-redirs 0), verificado em lote em 2026-08-24. Demais campos nao amostrados individualmente -- ver seo-snapshot.csv para a amostra detalhada."
https://vediums.com/blog/ingles/ingles-para-entrevista-de-emprego-perguntas-e-respostas-que-voce-precisa-treinar,blog-article,pt-BR,sitemap.xml,200,https://vediums.com/blog/ingles/ingles-para-entrevista-de-emprego-perguntas-e-respostas-que-voce-precisa-treinar,0,,,,,,,,,"CONFIRMADO EM PRODUCAO: HTTP 200 sem redirect (--max-redirs 0), verificado em lote em 2026-08-24. Demais campos nao amostrados individualmente -- ver seo-snapshot.csv para a amostra detalhada."
https://vediums.com/en/blog/brazilian-portuguese/brazilian-portuguese-for-supermarket-pharmacy-and-daily-errands,blog-article,en,sitemap.xml,200,https://vediums.com/en/blog/brazilian-portuguese/brazilian-portuguese-for-supermarket-pharmacy-and-daily-errands,0,,,,,,,,,"CONFIRMADO EM PRODUCAO: HTTP 200 sem redirect (--max-redirs 0), verificado em lote em 2026-08-24. Demais campos nao amostrados individualmente -- ver seo-snapshot.csv para a amostra detalhada."
https://vediums.com/blog/ingles/os-erros-que-travam-brasileiros-no-ingles-basico,blog-article,pt-BR,sitemap.xml,200,https://vediums.com/blog/ingles/os-erros-que-travam-brasileiros-no-ingles-basico,0,,,,,,,,,"CONFIRMADO EM PRODUCAO: HTTP 200 sem redirect (--max-redirs 0), verificado em lote em 2026-08-24. Demais campos nao amostrados individualmente -- ver seo-snapshot.csv para a amostra detalhada."
https://vediums.com/blog/ioruba/alfabeto-ioruba-sons-marcas-e-primeiras-leituras,blog-article,pt-BR,sitemap.xml,200,https://vediums.com/blog/ioruba/alfabeto-ioruba-sons-marcas-e-primeiras-leituras,0,,,,,,,,,"CONFIRMADO EM PRODUCAO: HTTP 200 sem redirect (--max-redirs 0), verificado em lote em 2026-08-24. Demais campos nao amostrados individualmente -- ver seo-snapshot.csv para a amostra detalhada."
https://vediums.com/es/blog/portugues-brasileno/portugues-brasileno-para-hispanohablantes-errores-que-parecen-pequenos,blog-article,es,sitemap.xml,200,https://vediums.com/es/blog/portugues-brasileno/portugues-brasileno-para-hispanohablantes-errores-que-parecen-pequenos,0,,,,,,,,,"CONFIRMADO EM PRODUCAO: HTTP 200 sem redirect (--max-redirs 0), verificado em lote em 2026-08-24. Demais campos nao amostrados individualmente -- ver seo-snapshot.csv para a amostra detalhada."
https://vediums.com/en/blog/brazilian-portuguese/portuguese-for-renting-an-apartment-in-brazil,blog-article,en,sitemap.xml,200,https://vediums.com/en/blog/brazilian-portuguese/portuguese-for-renting-an-apartment-in-brazil,0,,,,,,,,,"CONFIRMADO EM PRODUCAO: HTTP 200 sem redirect (--max-redirs 0), verificado em lote em 2026-08-24. Demais campos nao amostrados individualmente -- ver seo-snapshot.csv para a amostra detalhada."
https://vediums.com/blog/ingles/como-criar-uma-rotina-de-estudo-de-ingles-com-pouco-tempo-por-semana,blog-article,pt-BR,sitemap.xml,200,https://vediums.com/blog/ingles/como-criar-uma-rotina-de-estudo-de-ingles-com-pouco-tempo-por-semana,0,,,,,,,,,"CONFIRMADO EM PRODUCAO: HTTP 200 sem redirect (--max-redirs 0), verificado em lote em 2026-08-24. Demais campos nao amostrados individualmente -- ver seo-snapshot.csv para a amostra detalhada."
https://vediums.com/blog/ioruba/primeiras-saudacoes-em-ioruba-para-aprender-com-respeito,blog-article,pt-BR,sitemap.xml,200,https://vediums.com/blog/ioruba/primeiras-saudacoes-em-ioruba-para-aprender-com-respeito,0,,,,,,,,,"CONFIRMADO EM PRODUCAO: HTTP 200 sem redirect (--max-redirs 0), verificado em lote em 2026-08-24. Demais campos nao amostrados individualmente -- ver seo-snapshot.csv para a amostra detalhada."
https://vediums.com/blog/brasilianisches-portugiesisch-fur-auswanderer-die-wichtigsten-grundlagen,blog-category,pt-BR,sitemap.xml,200,https://vediums.com/blog/brasilianisches-portugiesisch-fur-auswanderer-die-wichtigsten-grundlagen,0,,,,,,,,,"CONFIRMADO EM PRODUCAO: HTTP 200 sem redirect (--max-redirs 0), verificado em lote em 2026-08-24. Demais campos nao amostrados individualmente -- ver seo-snapshot.csv para a amostra detalhada."
https://vediums.com/en/blog/brazilian-portuguese/how-to-greet-people-in-brazil-without-sounding-too-formal,blog-article,en,sitemap.xml,200,https://vediums.com/en/blog/brazilian-portuguese/how-to-greet-people-in-brazil-without-sounding-too-formal,0,,,,,,,,,"CONFIRMADO EM PRODUCAO: HTTP 200 sem redirect (--max-redirs 0), verificado em lote em 2026-08-24. Demais campos nao amostrados individualmente -- ver seo-snapshot.csv para a amostra detalhada."
https://vediums.com/blog/ingles/ingles-ao-vivo-ou-gravado-o-que-muda-na-evolucao-do-speaking,blog-article,pt-BR,sitemap.xml,200,https://vediums.com/blog/ingles/ingles-ao-vivo-ou-gravado-o-que-muda-na-evolucao-do-speaking,0,,,,,,,,,"CONFIRMADO EM PRODUCAO: HTTP 200 sem redirect (--max-redirs 0), verificado em lote em 2026-08-24. Demais campos nao amostrados individualmente -- ver seo-snapshot.csv para a amostra detalhada."
https://vediums.com/blog/ioruba/como-os-tons-mudam-o-significado-das-palavras-em-ioruba,blog-article,pt-BR,sitemap.xml,200,https://vediums.com/blog/ioruba/como-os-tons-mudam-o-significado-das-palavras-em-ioruba,0,,,,,,,,,"CONFIRMADO EM PRODUCAO: HTTP 200 sem redirect (--max-redirs 0), verificado em lote em 2026-08-24. Demais campos nao amostrados individualmente -- ver seo-snapshot.csv para a amostra detalhada."
https://vediums.com/blog/portugais-bresilien-pour-expatries-les-bases-avant-de-vivre-au-bresil,blog-category,pt-BR,sitemap.xml,200,https://vediums.com/blog/portugais-bresilien-pour-expatries-les-bases-avant-de-vivre-au-bresil,0,,,,,,,,,"CONFIRMADO EM PRODUCAO: HTTP 200 sem redirect (--max-redirs 0), verificado em lote em 2026-08-24. Demais campos nao amostrados individualmente -- ver seo-snapshot.csv para a amostra detalhada."
https://vediums.com/en/blog/brazilian-portuguese/brazilian-portuguese-for-expats-what-to-learn-before-your-first-month-in-brazil,blog-article,en,sitemap.xml,200,https://vediums.com/en/blog/brazilian-portuguese/brazilian-portuguese-for-expats-what-to-learn-before-your-first-month-in-brazil,0,,,,,,,,,"CONFIRMADO EM PRODUCAO: HTTP 200 sem redirect (--max-redirs 0), verificado em lote em 2026-08-24. Demais campos nao amostrados individualmente -- ver seo-snapshot.csv para a amostra detalhada."
https://vediums.com/blog/ingles/como-saber-seu-nivel-real-de-ingles-antes-de-escolher-um-curso,blog-article,pt-BR,sitemap.xml,200,https://vediums.com/blog/ingles/como-saber-seu-nivel-real-de-ingles-antes-de-escolher-um-curso,0,,,,,,,,,"CONFIRMADO EM PRODUCAO: HTTP 200 sem redirect (--max-redirs 0), verificado em lote em 2026-08-24. Demais campos nao amostrados individualmente -- ver seo-snapshot.csv para a amostra detalhada."
https://vediums.com/blog/ioruba/o-que-e-o-idioma-ioruba-e-por-que-ele-carrega-cultura-e-memoria,blog-article,pt-BR,sitemap.xml,200,https://vediums.com/blog/ioruba/o-que-e-o-idioma-ioruba-e-por-que-ele-carrega-cultura-e-memoria,0,,,,,,,,,"CONFIRMADO EM PRODUCAO: HTTP 200 sem redirect (--max-redirs 0), verificado em lote em 2026-08-24. Demais campos nao amostrados individualmente -- ver seo-snapshot.csv para a amostra detalhada."
https://vediums.com/en/blog/brazilian-portuguese/brazilian-portuguese-for-relocation-teams-what-employees-need-before-arrival,blog-article,en,sitemap.xml,200,https://vediums.com/en/blog/brazilian-portuguese/brazilian-portuguese-for-relocation-teams-what-employees-need-before-arrival,0,,,,,,,,,"CONFIRMADO EM PRODUCAO: HTTP 200 sem redirect (--max-redirs 0), verificado em lote em 2026-08-24. Demais campos nao amostrados individualmente -- ver seo-snapshot.csv para a amostra detalhada."
